date,total_test,positive_test,percent_positive,percent_positive_7days_agg,UptDate
05/22/2021 12:00:00 AM,20079,355,0.0177,0.0112,06/12/2021 11:30:11 PM
09/28/2020 12:00:00 AM,44355,543,0.0122,0.0151,03/17/2021 02:17:47 PM
03/05/2020 12:00:00 AM,65,4,0.0615,,03/17/2021 02:14:54 PM
09/23/2020 12:00:00 AM,46178,650,0.0141,0.0133,03/17/2021 02:17:46 PM
05/26/2020 12:00:00 AM,35719,1768,0.0495,0.0616,03/17/2021 02:17:35 PM
07/15/2020 12:00:00 AM,37936,564,0.0149,,03/17/2021 02:17:34 PM
08/15/2020 12:00:00 AM,15114,196,0.013,0.0122,03/17/2021 02:17:35 PM
06/08/2021 12:00:00 AM,44124,249,0.0056,0.007,06/14/2021 11:30:10 PM
05/08/2021 12:00:00 AM,22068,615,0.0279,0.0206,06/10/2021 11:30:10 PM
03/07/2021 12:00:00 AM,28069,2663,0.0949,0.066,05/31/2021 11:30:17 PM
08/27/2020 12:00:00 AM,34251,352,0.0103,0.0106,03/17/2021 02:17:38 PM
04/02/2020 12:00:00 AM,10216,6111,0.5982,,03/17/2021 02:17:29 PM
06/28/2020 12:00:00 AM,14363,273,0.019,,03/17/2021 02:17:33 PM
03/16/2021 12:00:00 AM,78531,4162,0.053,0.0643,06/12/2021 11:30:11 PM
12/23/2020 12:00:00 AM,73619,5152,0.07,0.0713,03/24/2021 02:25:35 PM
11/25/2020 12:00:00 AM,68699,2915,0.0424,0.0384,03/17/2021 02:18:05 PM
05/04/2021 12:00:00 AM,70397,1289,0.0183,0.0246,06/12/2021 11:30:11 PM
07/20/2020 12:00:00 AM,34786,535,0.0154,,03/17/2021 02:17:33 PM
06/10/2021 12:00:00 AM,49726,219,0.0044,0.0064,06/14/2021 11:30:10 PM
06/10/2020 12:00:00 AM,26046,571,0.0219,0.0272,03/17/2021 02:17:35 PM
04/29/2020 12:00:00 AM,15098,3086,0.2044,,03/17/2021 02:15:09 PM
02/14/2021 12:00:00 AM,25417,2738,0.1077,0.0748,05/13/2021 11:30:11 PM
04/30/2020 12:00:00 AM,13873,2674,0.1927,,03/17/2021 02:14:56 PM
11/28/2020 12:00:00 AM,31566,2182,0.0691,0.0462,03/17/2021 04:44:53 PM
04/04/2020 12:00:00 AM,6902,4086,0.592,,03/17/2021 02:15:05 PM
08/13/2020 12:00:00 AM,31056,353,0.0114,,03/17/2021 02:17:34 PM
01/24/2021 12:00:00 AM,32580,4082,0.1253,0.0922,04/22/2021 11:30:19 PM
11/12/2020 12:00:00 AM,64011,1698,0.0265,0.0316,03/17/2021 02:17:59 PM
08/10/2020 12:00:00 AM,37580,425,0.0113,,03/17/2021 02:17:32 PM
04/20/2021 12:00:00 AM,72489,2389,0.033,0.0449,06/12/2021 11:30:11 PM
03/28/2021 12:00:00 AM,25996,2360,0.0908,0.0645,06/11/2021 11:30:11 PM
02/20/2021 12:00:00 AM,36040,3645,0.1011,0.076,05/21/2021 11:30:14 PM
03/12/2021 12:00:00 AM,75375,4405,0.0584,0.0645,06/10/2021 11:30:10 PM
11/17/2020 12:00:00 AM,70393,2071,0.0294,0.0328,03/17/2021 02:18:04 PM
05/20/2021 12:00:00 AM,64929,595,0.0092,0.0119,06/13/2021 11:30:10 PM
03/12/2020 12:00:00 AM,1612,369,0.2289,,03/17/2021 02:17:29 PM
04/27/2021 12:00:00 AM,67050,1734,0.0259,0.0324,06/12/2021 11:30:11 PM
05/14/2021 12:00:00 AM,65393,741,0.0113,0.0156,06/13/2021 11:30:10 PM
04/16/2021 12:00:00 AM,68123,2878,0.0422,0.0493,06/12/2021 11:30:11 PM
02/26/2021 12:00:00 AM,77540,4682,0.0604,0.0682,05/24/2021 11:30:14 PM
03/14/2021 12:00:00 AM,27134,2590,0.0955,0.0645,06/10/2021 11:30:10 PM
07/09/2020 12:00:00 AM,32545,509,0.0156,,03/17/2021 02:17:34 PM
09/04/2020 12:00:00 AM,37347,313,0.0084,0.0095,03/17/2021 02:17:40 PM
01/26/2021 12:00:00 AM,84038,6509,0.0775,0.0912,04/25/2021 11:30:17 PM
03/13/2020 12:00:00 AM,2205,626,0.2839,,03/17/2021 02:17:32 PM
02/12/2021 12:00:00 AM,69159,5007,0.0724,0.0766,05/08/2021 11:30:16 PM
07/12/2020 12:00:00 AM,13077,281,0.0215,,03/17/2021 02:17:34 PM
04/03/2021 12:00:00 AM,33634,2911,0.0865,0.0675,06/10/2021 11:30:10 PM
01/06/2021 12:00:00 AM,92305,7338,0.0795,0.0957,04/06/2021 11:30:16 PM
11/20/2020 12:00:00 AM,70979,2325,0.0328,0.0334,03/17/2021 04:44:53 PM
11/09/2020 12:00:00 AM,62950,1866,0.0296,0.0286,03/17/2021 02:18:02 PM
08/09/2020 12:00:00 AM,11952,190,0.0159,,03/17/2021 02:17:25 PM
08/14/2020 12:00:00 AM,29223,369,0.0126,0.0123,03/17/2021 02:17:35 PM
09/02/2020 12:00:00 AM,41282,358,0.0087,0.0101,03/17/2021 02:17:37 PM
03/26/2020 12:00:00 AM,7782,5276,0.678,,03/17/2021 02:17:34 PM
11/30/2020 12:00:00 AM,72942,3369,0.0462,0.0523,03/17/2021 04:44:59 PM
03/28/2020 12:00:00 AM,5148,3668,0.7125,,03/17/2021 02:15:06 PM
04/06/2021 12:00:00 AM,81954,4034,0.0492,0.0623,06/12/2021 11:30:11 PM
06/21/2020 12:00:00 AM,11524,258,0.0224,,03/17/2021 02:15:10 PM
07/03/2020 12:00:00 AM,18352,325,0.0177,,03/17/2021 02:17:31 PM
04/23/2021 12:00:00 AM,67942,1991,0.0293,0.0378,06/12/2021 11:30:11 PM
04/25/2021 12:00:00 AM,21712,1120,0.0516,0.0355,06/14/2021 11:30:10 PM
03/30/2020 12:00:00 AM,9319,6448,0.6919,,03/17/2021 02:17:26 PM
02/22/2021 12:00:00 AM,92980,5229,0.0562,0.0737,05/23/2021 11:30:11 PM
08/29/2020 12:00:00 AM,15724,162,0.0103,0.0106,03/17/2021 02:17:38 PM
11/02/2020 12:00:00 AM,60006,1215,0.0202,0.0199,03/17/2021 02:17:58 PM
12/03/2020 12:00:00 AM,71643,3598,0.0502,0.0553,03/17/2021 04:46:09 PM
02/13/2021 12:00:00 AM,33085,3299,0.0997,0.0748,05/12/2021 11:30:10 PM
12/19/2020 12:00:00 AM,39840,3304,0.0829,0.0647,03/24/2021 02:25:35 PM
07/29/2020 12:00:00 AM,33441,396,0.0118,,03/17/2021 02:17:34 PM
07/28/2020 12:00:00 AM,30552,405,0.0133,0.0139,03/17/2021 02:17:35 PM
08/20/2020 12:00:00 AM,35759,316,0.0088,0.0106,03/17/2021 02:17:35 PM
10/15/2020 12:00:00 AM,51773,789,0.0152,0.0161,03/17/2021 02:17:53 PM
07/14/2020 12:00:00 AM,33827,518,0.0153,,03/17/2021 02:17:34 PM
07/08/2020 12:00:00 AM,36101,533,0.0148,0.0168,03/17/2021 02:17:35 PM
03/22/2021 12:00:00 AM,91377,5028,0.055,0.0639,06/12/2021 11:30:11 PM
05/24/2020 12:00:00 AM,12892,737,0.0572,,03/17/2021 02:17:29 PM
12/30/2020 12:00:00 AM,76112,6515,0.0856,0.0968,03/30/2021 11:30:26 PM
10/20/2020 12:00:00 AM,50664,776,0.0153,0.0169,03/17/2021 02:17:54 PM
06/13/2021 12:00:00 AM,9071,65,0.0072,0.0057,06/14/2021 11:30:10 PM
01/09/2021 12:00:00 AM,43571,5010,0.115,0.0926,04/08/2021 11:30:15 PM
05/01/2021 12:00:00 AM,23273,932,0.04,0.0279,06/12/2021 11:30:11 PM
07/13/2020 12:00:00 AM,37416,653,0.0175,,03/17/2021 02:17:34 PM
03/27/2020 12:00:00 AM,7922,5317,0.6712,,03/17/2021 02:17:29 PM
12/26/2020 12:00:00 AM,38508,4483,0.1164,0.0798,03/26/2021 11:30:28 PM
09/12/2020 12:00:00 AM,17252,252,0.0146,0.0117,03/17/2021 02:17:40 PM
05/30/2021 12:00:00 AM,14704,191,0.013,0.0082,06/12/2021 11:30:11 PM
12/08/2020 12:00:00 AM,75947,3840,0.0506,0.0556,03/17/2021 04:46:09 PM
04/16/2020 12:00:00 AM,11325,4016,0.3546,,03/17/2021 02:17:34 PM
05/14/2020 12:00:00 AM,19125,1915,0.1001,,03/17/2021 02:15:09 PM
11/10/2020 12:00:00 AM,61989,1812,0.0292,0.0294,03/17/2021 02:18:02 PM
05/21/2020 12:00:00 AM,25962,1669,0.0643,,03/17/2021 02:17:33 PM
06/24/2020 12:00:00 AM,31282,541,0.0173,,03/17/2021 02:17:33 PM
05/27/2021 12:00:00 AM,54839,403,0.0073,0.0094,06/12/2021 11:30:11 PM
05/20/2020 12:00:00 AM,26784,1713,0.064,,03/17/2021 02:17:32 PM
05/09/2021 12:00:00 AM,16817,528,0.0314,0.0199,06/12/2021 11:30:11 PM
04/14/2020 12:00:00 AM,11305,4789,0.4236,,03/17/2021 02:15:11 PM
10/24/2020 12:00:00 AM,18802,500,0.0266,0.0179,03/17/2021 02:17:56 PM
02/23/2021 12:00:00 AM,84950,4842,0.057,0.0716,05/22/2021 11:30:13 PM
10/30/2020 12:00:00 AM,46962,836,0.0178,0.0189,03/17/2021 02:17:58 PM
04/02/2021 12:00:00 AM,60612,3727,0.0615,0.068,06/12/2021 11:30:11 PM
03/29/2020 12:00:00 AM,5329,3741,0.702,,03/17/2021 02:17:31 PM
06/01/2020 12:00:00 AM,32556,1080,0.0332,,03/17/2021 02:17:34 PM
08/21/2020 12:00:00 AM,32478,337,0.0104,0.0104,03/17/2021 02:17:35 PM
05/28/2021 12:00:00 AM,49664,344,0.0069,0.0089,06/12/2021 11:30:11 PM
12/27/2020 12:00:00 AM,33158,3776,0.1139,0.0817,03/26/2021 11:30:28 PM
06/02/2021 12:00:00 AM,60456,325,0.0054,0.0075,06/12/2021 11:30:11 PM
07/06/2020 12:00:00 AM,35016,571,0.0163,,03/17/2021 02:17:29 PM
02/25/2021 12:00:00 AM,85278,4810,0.0564,0.0694,05/22/2021 11:30:13 PM
02/17/2021 12:00:00 AM,77235,4965,0.0643,0.0772,05/18/2021 11:30:23 PM
04/15/2020 12:00:00 AM,11619,4372,0.3763,,03/17/2021 02:17:31 PM
04/27/2020 12:00:00 AM,13169,2976,0.226,,03/17/2021 02:15:00 PM
04/11/2021 12:00:00 AM,24187,1842,0.0762,0.0539,06/10/2021 11:30:10 PM
05/04/2020 12:00:00 AM,14652,2258,0.1541,,03/17/2021 02:15:04 PM
03/24/2020 12:00:00 AM,7557,4656,0.6161,,03/17/2021 02:15:05 PM
04/24/2020 12:00:00 AM,11970,3202,0.2675,,03/17/2021 02:15:30 PM
05/26/2021 12:00:00 AM,56904,396,0.007,0.0099,06/13/2021 11:30:10 PM
03/04/2020 12:00:00 AM,33,5,0.1515,,03/17/2021 02:15:03 PM
07/24/2020 12:00:00 AM,26595,406,0.0153,,03/17/2021 02:17:31 PM
01/16/2021 12:00:00 AM,41171,4914,0.1194,0.0928,04/16/2021 11:30:19 PM
01/07/2021 12:00:00 AM,87025,7152,0.0822,0.0946,04/06/2021 11:30:16 PM
04/29/2021 12:00:00 AM,70317,1577,0.0224,0.0301,06/10/2021 11:30:10 PM
06/12/2020 12:00:00 AM,29750,644,0.0216,,03/17/2021 02:17:33 PM
06/11/2021 12:00:00 AM,44330,227,0.0051,0.0061,06/14/2021 11:30:10 PM
09/07/2020 12:00:00 AM,18900,272,0.0144,0.0102,03/17/2021 02:17:41 PM
04/06/2020 12:00:00 AM,12085,6780,0.561,,03/17/2021 02:17:31 PM
08/30/2020 12:00:00 AM,12876,221,0.0172,0.0107,03/17/2021 02:17:38 PM
02/11/2021 12:00:00 AM,80724,4844,0.06,0.0777,05/11/2021 11:30:15 PM
01/28/2021 12:00:00 AM,86419,6605,0.0764,0.0908,04/27/2021 11:30:19 PM
10/11/2020 12:00:00 AM,15867,414,0.0261,0.0154,03/17/2021 02:17:51 PM
11/21/2020 12:00:00 AM,37503,1587,0.0423,0.0333,03/17/2021 02:17:57 PM
12/16/2020 12:00:00 AM,72871,3759,0.0516,0.0634,03/17/2021 04:46:17 PM
03/08/2020 12:00:00 AM,111,21,0.1892,,03/17/2021 02:14:54 PM
04/14/2021 12:00:00 AM,75480,3189,0.0422,0.052,06/12/2021 11:30:11 PM
03/30/2021 12:00:00 AM,70805,4242,0.0599,0.0674,06/12/2021 11:30:11 PM
07/07/2020 12:00:00 AM,33671,605,0.018,,03/17/2021 02:17:33 PM
06/05/2021 12:00:00 AM,17161,200,0.0117,0.0073,06/14/2021 11:30:10 PM
12/10/2020 12:00:00 AM,70901,4022,0.0567,0.0576,03/17/2021 04:46:14 PM
08/18/2020 12:00:00 AM,39061,377,0.0097,0.0116,03/17/2021 02:17:35 PM
03/31/2021 12:00:00 AM,73266,4311,0.0588,0.0684,06/12/2021 11:30:11 PM
01/08/2021 12:00:00 AM,86180,7123,0.0827,0.0933,04/08/2021 11:30:15 PM
03/03/2021 12:00:00 AM,81566,4525,0.0555,0.067,05/29/2021 11:30:09 PM
10/13/2020 12:00:00 AM,48830,733,0.015,0.0154,03/17/2021 02:17:51 PM
03/21/2020 12:00:00 AM,4940,2722,0.551,,03/17/2021 02:15:08 PM
11/07/2020 12:00:00 AM,21892,996,0.0455,0.0251,03/17/2021 02:18:00 PM
10/28/2020 12:00:00 AM,55878,966,0.0173,0.0192,03/17/2021 02:17:57 PM
01/31/2021 12:00:00 AM,37285,4155,0.1114,0.0879,05/01/2021 11:30:15 PM
05/27/2020 12:00:00 AM,26274,1308,0.0498,,03/17/2021 02:17:34 PM
06/04/2021 12:00:00 AM,52159,309,0.0059,0.0073,06/14/2021 11:30:10 PM
08/23/2020 12:00:00 AM,13165,186,0.0141,0.0103,03/17/2021 02:17:36 PM
03/08/2021 12:00:00 AM,88156,4791,0.0543,0.0658,06/04/2021 11:30:09 PM
01/27/2021 12:00:00 AM,85574,6767,0.0791,0.0911,04/27/2021 11:30:19 PM
03/19/2020 12:00:00 AM,7924,3783,0.4774,,03/17/2021 02:14:59 PM
02/01/2021 12:00:00 AM,24939,1612,0.0646,0.0862,05/01/2021 11:30:15 PM
06/12/2021 12:00:00 AM,13871,148,0.0107,0.006,06/14/2021 11:30:10 PM
08/06/2020 12:00:00 AM,32878,383,0.0116,0.013,03/17/2021 02:17:35 PM
01/11/2021 12:00:00 AM,98353,8138,0.0827,0.0927,04/10/2021 11:30:16 PM
06/06/2021 12:00:00 AM,14418,188,0.013,0.0073,06/14/2021 11:30:10 PM
12/04/2020 12:00:00 AM,67991,3514,0.0517,0.0546,03/17/2021 04:46:09 PM
05/05/2021 12:00:00 AM,67799,1156,0.0171,0.0235,06/12/2021 11:30:11 PM
04/10/2020 12:00:00 AM,8934,4932,0.552,,03/17/2021 02:17:29 PM
10/09/2020 12:00:00 AM,44926,698,0.0155,0.0152,03/17/2021 02:17:52 PM
03/06/2021 12:00:00 AM,31191,2950,0.0946,0.0667,05/22/2021 11:30:13 PM
05/12/2021 12:00:00 AM,69059,877,0.0127,0.0175,06/13/2021 11:30:10 PM
06/29/2020 12:00:00 AM,35309,574,0.0163,,03/17/2021 02:17:32 PM
03/03/2020 12:00:00 AM,14,1,0.0714,,03/17/2021 02:15:03 PM
04/05/2020 12:00:00 AM,7014,4029,0.5744,,03/17/2021 02:17:29 PM
02/18/2021 12:00:00 AM,53308,2934,0.055,0.0771,05/19/2021 11:30:11 PM
04/20/2020 12:00:00 AM,13947,4488,0.3218,0.3591,03/17/2021 02:17:35 PM
12/17/2020 12:00:00 AM,41903,2568,0.0613,0.0637,03/17/2021 04:46:16 PM
05/25/2021 12:00:00 AM,59206,464,0.0078,0.0103,06/14/2021 11:30:10 PM
10/22/2020 12:00:00 AM,50210,972,0.0194,0.0176,03/17/2021 02:17:56 PM
04/13/2020 12:00:00 AM,8150,3738,0.4587,,03/17/2021 02:15:12 PM
03/02/2020 12:00:00 AM,5,0,0,,03/17/2021 02:14:54 PM
03/11/2021 12:00:00 AM,76677,4327,0.0564,0.067,06/08/2021 11:30:11 PM
06/17/2020 12:00:00 AM,29722,534,0.018,,03/17/2021 02:17:34 PM
12/31/2020 12:00:00 AM,52900,4470,0.0845,0.0968,04/01/2021 11:30:27 PM
07/31/2020 12:00:00 AM,27941,373,0.0133,,03/17/2021 02:17:33 PM
07/04/2020 12:00:00 AM,8348,164,0.0196,,03/17/2021 02:17:31 PM
09/17/2020 12:00:00 AM,41752,472,0.0113,0.0122,03/17/2021 02:17:45 PM
10/27/2020 12:00:00 AM,52048,946,0.0182,0.0187,03/17/2021 02:17:57 PM
09/01/2020 12:00:00 AM,40519,388,0.0096,0.0105,03/17/2021 02:17:39 PM
03/01/2020 12:00:00 AM,2,0,0,,03/17/2021 02:14:56 PM
08/25/2020 12:00:00 AM,37659,372,0.0099,0.0101,03/17/2021 02:17:38 PM
03/16/2020 12:00:00 AM,5062,2184,0.4315,,03/17/2021 02:14:59 PM
05/31/2021 12:00:00 AM,19923,173,0.0087,0.0082,06/14/2021 11:30:10 PM
04/13/2021 12:00:00 AM,72481,3269,0.0451,0.053,06/12/2021 11:30:11 PM
10/06/2020 12:00:00 AM,54007,716,0.0133,0.0169,03/17/2021 02:17:51 PM
11/16/2020 12:00:00 AM,73619,2235,0.0304,0.0329,03/17/2021 02:18:04 PM
04/08/2020 12:00:00 AM,11460,6035,0.5266,,03/17/2021 02:17:34 PM
04/19/2021 12:00:00 AM,79370,2824,0.0356,0.047,06/14/2021 11:30:10 PM
12/12/2020 12:00:00 AM,35984,2850,0.0792,0.0593,03/17/2021 04:46:14 PM
08/11/2020 12:00:00 AM,31857,375,0.0118,,03/17/2021 02:17:32 PM
09/13/2020 12:00:00 AM,14731,324,0.022,0.0119,03/17/2021 02:17:40 PM
04/18/2021 12:00:00 AM,23368,1575,0.0674,0.0477,06/12/2021 11:30:11 PM
11/14/2020 12:00:00 AM,27764,1280,0.0461,0.0324,03/17/2021 02:18:04 PM
09/15/2020 12:00:00 AM,42599,435,0.0102,0.0118,03/17/2021 02:17:44 PM
03/29/2021 12:00:00 AM,80020,4688,0.0586,0.0656,06/13/2021 11:30:10 PM
04/12/2020 12:00:00 AM,6806,3246,0.4769,,03/17/2021 02:15:12 PM
04/28/2020 12:00:00 AM,15286,3483,0.2279,0.261,03/17/2021 02:17:35 PM
09/20/2020 12:00:00 AM,12554,202,0.0161,0.0116,03/17/2021 02:17:40 PM
03/20/2020 12:00:00 AM,8022,4101,0.5112,,03/17/2021 02:17:33 PM
03/05/2021 12:00:00 AM,71817,4194,0.0584,0.0666,05/28/2021 11:30:11 PM
05/17/2021 12:00:00 AM,69314,712,0.0103,0.0143,06/13/2021 11:30:10 PM
12/05/2020 12:00:00 AM,33248,2319,0.0697,0.0547,03/17/2021 04:44:55 PM
09/27/2020 12:00:00 AM,14680,459,0.0313,0.0155,03/17/2021 02:17:47 PM
03/27/2021 12:00:00 AM,33438,3024,0.0904,0.0649,06/12/2021 11:30:11 PM
07/26/2020 12:00:00 AM,11919,207,0.0174,0.0144,03/17/2021 02:17:35 PM
03/21/2021 12:00:00 AM,29997,2728,0.0909,0.0629,06/12/2021 11:30:11 PM
05/07/2020 12:00:00 AM,14954,1927,0.1289,,03/17/2021 02:17:29 PM
12/20/2020 12:00:00 AM,34753,3208,0.0923,0.0646,03/24/2021 02:25:35 PM
11/19/2020 12:00:00 AM,72374,2318,0.032,0.0333,03/17/2021 02:18:03 PM
10/12/2020 12:00:00 AM,44280,682,0.0154,0.0151,03/17/2021 02:17:50 PM
03/26/2021 12:00:00 AM,73565,4496,0.0611,0.0651,06/12/2021 11:30:11 PM
10/14/2020 12:00:00 AM,52523,795,0.0151,0.0158,03/17/2021 02:17:53 PM
04/09/2021 12:00:00 AM,71383,3460,0.0485,0.0557,06/12/2021 11:30:11 PM
01/18/2021 12:00:00 AM,66514,6532,0.0982,0.095,04/11/2021 11:30:16 PM
10/08/2020 12:00:00 AM,49631,679,0.0137,0.0155,03/17/2021 02:17:51 PM
12/14/2020 12:00:00 AM,82514,4603,0.0558,0.0616,03/17/2021 04:46:15 PM
05/19/2021 12:00:00 AM,63191,566,0.009,0.0128,06/13/2021 11:30:10 PM
04/21/2020 12:00:00 AM,11993,3705,0.3089,,03/17/2021 02:15:12 PM
07/21/2020 12:00:00 AM,34172,463,0.0135,,03/17/2021 02:17:34 PM
04/28/2021 12:00:00 AM,70722,1714,0.0242,0.0313,06/12/2021 11:30:11 PM
05/06/2020 12:00:00 AM,15354,2126,0.1385,,03/17/2021 02:15:09 PM
07/02/2020 12:00:00 AM,32545,538,0.0165,,03/17/2021 02:17:33 PM
07/30/2020 12:00:00 AM,29980,362,0.0121,,03/17/2021 02:17:29 PM
10/25/2020 12:00:00 AM,16468,474,0.0288,0.0178,03/17/2021 02:17:56 PM
05/02/2020 12:00:00 AM,7669,1469,0.1916,,03/17/2021 02:17:34 PM
11/24/2020 12:00:00 AM,72225,2684,0.0372,0.0358,03/17/2021 04:44:53 PM
04/01/2020 12:00:00 AM,9128,5744,0.6293,,03/17/2021 02:15:12 PM
10/07/2020 12:00:00 AM,56360,712,0.0126,0.0161,03/17/2021 02:17:51 PM
11/04/2020 12:00:00 AM,60820,1323,0.0218,0.0219,03/17/2021 02:17:59 PM
01/30/2021 12:00:00 AM,36068,4120,0.1142,0.0886,04/30/2021 11:30:14 PM
10/03/2020 12:00:00 AM,21307,350,0.0164,0.0176,03/17/2021 02:17:50 PM
02/24/2021 12:00:00 AM,86526,4867,0.0562,0.0698,05/25/2021 11:30:15 PM
05/29/2020 12:00:00 AM,26951,1070,0.0397,,03/17/2021 02:17:32 PM
02/27/2021 12:00:00 AM,32175,2949,0.0917,0.067,05/28/2021 11:30:11 PM
01/20/2021 12:00:00 AM,86570,6880,0.0795,0.0953,04/18/2021 11:30:20 PM
11/18/2020 12:00:00 AM,73667,2153,0.0292,0.0324,03/17/2021 02:18:04 PM
05/29/2021 12:00:00 AM,16665,197,0.0118,0.0085,06/11/2021 11:30:11 PM
09/03/2020 12:00:00 AM,41366,370,0.0089,0.0099,03/17/2021 02:17:40 PM
06/22/2020 12:00:00 AM,35015,575,0.0164,,03/17/2021 02:17:33 PM
02/15/2021 12:00:00 AM,58424,4218,0.0722,0.0756,05/16/2021 11:30:13 PM
12/28/2020 12:00:00 AM,79525,7097,0.0892,0.0885,03/29/2021 11:30:23 PM
06/09/2020 12:00:00 AM,33708,684,0.0203,0.0291,03/17/2021 02:17:35 PM
11/23/2020 12:00:00 AM,83898,2950,0.0352,0.0345,03/17/2021 02:18:05 PM
04/23/2020 12:00:00 AM,12512,3484,0.2785,,03/17/2021 02:17:25 PM
01/04/2021 12:00:00 AM,98068,8388,0.0855,0.0976,04/04/2021 11:30:16 PM
04/03/2020 12:00:00 AM,10406,5991,0.5757,,03/17/2021 02:15:05 PM
10/29/2020 12:00:00 AM,47498,817,0.0172,0.0188,03/17/2021 02:17:57 PM
10/10/2020 12:00:00 AM,21702,421,0.0194,0.0154,03/17/2021 02:17:51 PM
01/02/2021 12:00:00 AM,45511,5303,0.1165,0.0975,04/02/2021 11:30:20 PM
05/15/2020 12:00:00 AM,16048,1587,0.0989,,03/17/2021 02:17:25 PM
05/06/2021 12:00:00 AM,67266,1135,0.0169,0.0223,06/12/2021 11:30:11 PM
07/19/2020 12:00:00 AM,12597,218,0.0173,0.0165,03/17/2021 02:17:35 PM
05/11/2021 12:00:00 AM,68265,958,0.014,0.0184,06/14/2021 11:30:10 PM
06/14/2020 12:00:00 AM,11977,267,0.0223,,03/17/2021 02:17:34 PM
03/17/2020 12:00:00 AM,5707,2519,0.4414,,03/17/2021 02:14:59 PM
08/08/2020 12:00:00 AM,14700,206,0.014,,03/17/2021 02:17:29 PM
05/17/2020 12:00:00 AM,8113,674,0.0831,,03/17/2021 02:15:05 PM
01/13/2021 12:00:00 AM,89450,7060,0.0789,0.0916,04/13/2021 11:30:18 PM
10/31/2020 12:00:00 AM,18867,538,0.0285,0.019,03/17/2021 02:17:57 PM
05/02/2021 12:00:00 AM,20175,873,0.0433,0.0273,06/10/2021 11:30:10 PM
05/09/2020 12:00:00 AM,7256,1040,0.1433,,03/17/2021 02:15:09 PM
05/03/2020 12:00:00 AM,6212,1113,0.1792,,03/17/2021 02:17:25 PM
09/25/2020 12:00:00 AM,36432,580,0.0159,0.0144,03/17/2021 02:17:46 PM
06/05/2020 12:00:00 AM,28195,660,0.0234,,03/17/2021 02:17:34 PM
01/05/2021 12:00:00 AM,86004,7795,0.0906,0.0971,04/04/2021 11:30:16 PM
05/10/2020 12:00:00 AM,6156,751,0.122,,03/17/2021 02:15:05 PM
08/16/2020 12:00:00 AM,12017,180,0.015,0.0121,03/17/2021 02:17:35 PM
11/15/2020 12:00:00 AM,22981,1093,0.0476,0.0325,03/17/2021 02:18:03 PM
07/22/2020 12:00:00 AM,34787,451,0.013,,03/17/2021 02:17:33 PM
12/21/2020 12:00:00 AM,89441,5798,0.0648,0.0666,03/24/2021 02:25:35 PM
06/01/2021 12:00:00 AM,71049,435,0.0061,0.0079,06/13/2021 11:30:10 PM
08/24/2020 12:00:00 AM,40982,401,0.0098,0.0101,03/17/2021 02:17:37 PM
05/13/2020 12:00:00 AM,20009,2099,0.1049,,03/17/2021 02:17:31 PM
03/07/2020 12:00:00 AM,72,8,0.1111,,03/17/2021 02:14:55 PM
11/03/2020 12:00:00 AM,45743,1112,0.0243,0.0208,03/17/2021 02:17:58 PM
12/22/2020 12:00:00 AM,77072,5406,0.0701,0.0682,03/24/2021 02:25:35 PM
11/26/2020 12:00:00 AM,13794,975,0.0707,0.04,03/17/2021 02:18:03 PM
09/10/2020 12:00:00 AM,39800,415,0.0104,0.011,03/17/2021 02:17:43 PM
01/21/2021 12:00:00 AM,89229,6933,0.0777,0.094,04/19/2021 11:30:24 PM
03/15/2021 12:00:00 AM,85151,4397,0.0516,0.0651,06/12/2021 11:30:11 PM
04/24/2021 12:00:00 AM,26023,1315,0.0505,0.0364,06/12/2021 11:30:11 PM
01/23/2021 12:00:00 AM,39262,4633,0.118,0.0923,04/22/2021 11:30:19 PM
09/18/2020 12:00:00 AM,34358,380,0.0111,0.0122,03/17/2021 02:17:44 PM
06/04/2020 12:00:00 AM,29206,899,0.0308,,03/17/2021 02:17:34 PM
05/12/2020 12:00:00 AM,19869,2107,0.106,,03/17/2021 02:15:03 PM
03/20/2021 12:00:00 AM,31973,2922,0.0914,0.063,06/12/2021 11:30:11 PM
08/04/2020 12:00:00 AM,23924,273,0.0114,,03/17/2021 02:17:34 PM
11/22/2020 12:00:00 AM,34200,1491,0.0436,0.0333,03/17/2021 02:18:02 PM
04/07/2020 12:00:00 AM,11730,6430,0.5482,,03/17/2021 02:17:31 PM
07/05/2020 12:00:00 AM,12596,208,0.0165,,03/17/2021 02:15:09 PM
03/15/2020 12:00:00 AM,2401,1053,0.4386,,03/17/2021 02:15:03 PM
03/10/2021 12:00:00 AM,77407,4439,0.0573,0.0674,06/08/2021 11:30:11 PM
05/30/2020 12:00:00 AM,13450,579,0.043,,03/17/2021 02:17:31 PM
12/11/2020 12:00:00 AM,67503,3956,0.0586,0.0585,03/17/2021 04:46:14 PM
03/23/2020 12:00:00 AM,5972,3735,0.6254,,03/17/2021 02:15:09 PM
07/11/2020 12:00:00 AM,14843,304,0.0205,,03/17/2021 02:17:25 PM
09/16/2020 12:00:00 AM,42673,486,0.0114,0.0121,03/17/2021 02:17:42 PM
01/10/2021 12:00:00 AM,36608,4512,0.1233,0.0925,04/10/2021 11:30:16 PM
10/05/2020 12:00:00 AM,55181,950,0.0172,0.018,03/17/2021 02:17:51 PM
03/18/2021 12:00:00 AM,75358,3824,0.0507,0.0631,06/12/2021 11:30:11 PM
05/08/2020 12:00:00 AM,13972,1794,0.1284,,03/17/2021 02:15:09 PM
09/14/2020 12:00:00 AM,45155,556,0.0123,0.012,03/17/2021 02:17:43 PM
05/23/2020 12:00:00 AM,13106,762,0.0581,,03/17/2021 02:17:34 PM
08/03/2020 12:00:00 AM,36570,468,0.0128,0.0133,03/17/2021 02:17:35 PM
12/09/2020 12:00:00 AM,74918,3875,0.0517,0.0565,03/17/2021 04:46:13 PM
10/04/2020 12:00:00 AM,17662,404,0.0229,0.0171,03/17/2021 02:17:50 PM
06/15/2020 12:00:00 AM,37039,641,0.0173,,03/17/2021 02:17:33 PM
01/17/2021 12:00:00 AM,33516,4151,0.1239,0.0925,04/16/2021 11:30:19 PM
12/06/2020 12:00:00 AM,27714,2207,0.0796,0.0548,03/17/2021 04:46:09 PM
03/11/2020 12:00:00 AM,812,164,0.202,,03/17/2021 02:17:26 PM
02/19/2021 12:00:00 AM,67098,4398,0.0655,0.0756,05/18/2021 11:30:23 PM
04/15/2021 12:00:00 AM,73598,2886,0.0392,0.0509,06/12/2021 11:30:11 PM
05/10/2021 12:00:00 AM,77393,1038,0.0134,0.0192,06/14/2021 11:30:10 PM
08/19/2020 12:00:00 AM,37579,345,0.0092,0.0111,03/17/2021 02:17:35 PM
03/18/2020 12:00:00 AM,6472,3052,0.4716,,03/17/2021 02:15:12 PM
08/02/2020 12:00:00 AM,11396,183,0.0161,,03/17/2021 02:17:33 PM
04/07/2021 12:00:00 AM,80037,3827,0.0478,0.0602,06/12/2021 11:30:11 PM
03/31/2020 12:00:00 AM,8591,5754,0.6698,,03/17/2021 02:17:29 PM
02/06/2021 12:00:00 AM,39020,4509,0.1156,0.0887,05/07/2021 11:30:11 PM
09/08/2020 12:00:00 AM,47141,526,0.0112,0.0105,03/17/2021 02:17:41 PM
01/19/2021 12:00:00 AM,94840,7128,0.0752,0.0948,04/16/2021 11:30:19 PM
12/24/2020 12:00:00 AM,49151,4051,0.0824,0.0737,03/25/2021 11:30:19 PM
08/28/2020 12:00:00 AM,32692,352,0.0108,0.0107,03/17/2021 02:17:38 PM
04/11/2020 12:00:00 AM,7832,4028,0.5143,,03/17/2021 02:17:31 PM
06/26/2020 12:00:00 AM,28410,438,0.0154,,03/17/2021 02:17:33 PM
08/05/2020 12:00:00 AM,33562,420,0.0125,,03/17/2021 02:17:34 PM
11/27/2020 12:00:00 AM,50145,2863,0.0571,0.0437,03/17/2021 02:18:04 PM
06/16/2020 12:00:00 AM,35295,626,0.0177,,03/17/2021 02:17:34 PM
06/19/2020 12:00:00 AM,30293,539,0.0178,,03/17/2021 02:17:34 PM
05/18/2020 12:00:00 AM,21635,1582,0.0731,,03/17/2021 02:17:34 PM
03/25/2021 12:00:00 AM,82185,4879,0.0594,0.0652,06/12/2021 11:30:11 PM
01/15/2021 12:00:00 AM,79662,6887,0.0865,0.0926,04/09/2021 11:30:17 PM
09/05/2020 12:00:00 AM,17840,198,0.0111,0.0095,03/17/2021 02:17:40 PM
02/21/2021 12:00:00 AM,30970,3185,0.1028,0.0762,05/22/2021 11:30:13 PM
05/28/2020 12:00:00 AM,27547,1126,0.0409,,03/17/2021 02:17:34 PM
03/17/2021 12:00:00 AM,78148,4121,0.0527,0.0639,06/12/2021 11:30:11 PM
04/05/2021 12:00:00 AM,95175,4496,0.0472,0.0645,06/12/2021 11:30:11 PM
03/01/2021 12:00:00 AM,89686,5226,0.0583,0.0676,05/29/2021 11:30:09 PM
09/24/2020 12:00:00 AM,40974,582,0.0142,0.0138,03/17/2021 02:17:45 PM
06/08/2020 12:00:00 AM,34553,793,0.023,,03/17/2021 02:17:34 PM
01/25/2021 12:00:00 AM,98090,8064,0.0822,0.0909,04/24/2021 11:30:21 PM
04/04/2021 12:00:00 AM,22949,2050,0.0893,0.0671,06/12/2021 11:30:11 PM
06/11/2020 12:00:00 AM,28047,597,0.0213,,03/17/2021 02:17:34 PM
04/17/2021 12:00:00 AM,28074,1924,0.0685,0.0485,06/12/2021 11:30:11 PM
10/17/2020 12:00:00 AM,19546,501,0.0256,0.0164,03/17/2021 02:17:53 PM
10/01/2020 12:00:00 AM,41519,738,0.0178,0.0175,03/17/2021 02:17:47 PM
05/19/2020 12:00:00 AM,21295,1645,0.0772,,03/17/2021 02:17:31 PM
10/19/2020 12:00:00 AM,55431,858,0.0155,0.0169,03/17/2021 02:17:53 PM
04/26/2021 12:00:00 AM,83304,2098,0.0252,0.0336,06/12/2021 11:30:11 PM
04/09/2020 12:00:00 AM,10339,5467,0.5288,,03/17/2021 02:15:10 PM
04/19/2020 12:00:00 AM,8189,2784,0.34,0.3782,03/17/2021 02:17:35 PM
07/23/2020 12:00:00 AM,30942,435,0.0141,,03/17/2021 02:17:31 PM
05/07/2021 12:00:00 AM,61976,1127,0.0182,0.0214,06/13/2021 11:30:10 PM
06/18/2020 12:00:00 AM,34463,573,0.0166,,03/17/2021 02:17:29 PM
09/30/2020 12:00:00 AM,43036,746,0.0173,0.0168,03/17/2021 02:17:48 PM
09/19/2020 12:00:00 AM,15454,205,0.0133,0.012,03/17/2021 02:17:40 PM
01/14/2021 12:00:00 AM,87575,7352,0.084,0.0921,04/14/2021 11:30:19 PM
06/23/2020 12:00:00 AM,32203,523,0.0162,,03/17/2021 02:17:34 PM
05/16/2021 12:00:00 AM,18058,410,0.0227,0.0148,06/13/2021 11:30:10 PM
02/02/2021 12:00:00 AM,45686,3870,0.0847,0.0878,05/01/2021 11:30:15 PM
11/29/2020 12:00:00 AM,27042,2089,0.0773,0.049,03/17/2021 04:44:57 PM
10/18/2020 12:00:00 AM,16324,511,0.0313,0.0168,03/17/2021 02:17:53 PM
03/04/2021 12:00:00 AM,76205,4441,0.0583,0.0674,05/31/2021 11:30:17 PM
04/22/2021 12:00:00 AM,72207,1996,0.0276,0.0404,06/12/2021 11:30:11 PM
08/26/2020 12:00:00 AM,38725,410,0.0106,0.0104,03/17/2021 02:17:38 PM
07/16/2020 12:00:00 AM,33957,566,0.0167,,03/17/2021 02:17:34 PM
06/20/2020 12:00:00 AM,14851,304,0.0205,,03/17/2021 02:17:29 PM
09/26/2020 12:00:00 AM,19402,337,0.0174,0.0146,03/17/2021 02:17:47 PM
06/09/2021 12:00:00 AM,52762,286,0.0054,0.007,06/14/2021 11:30:10 PM
03/19/2021 12:00:00 AM,68765,4142,0.0602,0.0631,06/12/2021 11:30:11 PM
07/25/2020 12:00:00 AM,13814,206,0.0149,,03/17/2021 02:17:29 PM
12/18/2020 12:00:00 AM,74622,4519,0.0606,0.0642,03/24/2021 02:25:35 PM
02/28/2021 12:00:00 AM,27522,2877,0.1045,0.0666,05/29/2021 11:30:09 PM
08/17/2020 12:00:00 AM,40188,432,0.0107,0.012,03/17/2021 02:17:35 PM
03/10/2020 12:00:00 AM,467,73,0.1563,,03/17/2021 02:14:54 PM
01/12/2021 12:00:00 AM,86995,7073,0.0813,0.0916,04/12/2021 11:30:21 PM
09/22/2020 12:00:00 AM,40916,505,0.0123,0.0126,03/17/2021 02:17:46 PM
11/11/2020 12:00:00 AM,55160,1769,0.0321,0.0313,03/17/2021 02:18:02 PM
05/24/2021 12:00:00 AM,67211,528,0.0079,0.0105,06/12/2021 11:30:11 PM
05/22/2020 12:00:00 AM,27031,1615,0.0597,,03/17/2021 02:17:31 PM
01/29/2021 12:00:00 AM,76903,5499,0.0715,0.089,04/25/2021 11:30:17 PM
02/08/2021 12:00:00 AM,94456,6399,0.0677,0.0871,05/08/2021 11:30:16 PM
06/06/2020 12:00:00 AM,13212,374,0.0283,,03/17/2021 02:17:31 PM
04/22/2020 12:00:00 AM,13997,4195,0.2997,,03/17/2021 02:17:31 PM
05/15/2021 12:00:00 AM,21454,455,0.0212,0.0151,06/13/2021 11:30:10 PM
06/30/2020 12:00:00 AM,33059,566,0.0171,,03/17/2021 02:17:34 PM
07/18/2020 12:00:00 AM,15284,279,0.0183,,03/17/2021 02:17:29 PM
07/01/2020 12:00:00 AM,34529,511,0.0148,,03/17/2021 02:17:34 PM
06/03/2020 12:00:00 AM,26265,853,0.0325,,03/17/2021 02:17:31 PM
03/06/2020 12:00:00 AM,85,8,0.0941,,03/17/2021 02:14:54 PM
11/13/2020 12:00:00 AM,58136,1802,0.031,0.0322,03/17/2021 02:18:03 PM
10/02/2020 12:00:00 AM,43553,730,0.0168,0.0176,03/17/2021 02:17:50 PM
12/13/2020 12:00:00 AM,28985,2812,0.097,0.0605,03/17/2021 04:46:14 PM
06/03/2021 12:00:00 AM,40966,302,0.0074,0.0075,06/14/2021 11:30:10 PM
06/07/2021 12:00:00 AM,60380,335,0.0055,0.007,06/14/2021 11:30:10 PM
10/16/2020 12:00:00 AM,44358,658,0.0148,0.016,03/17/2021 02:17:53 PM
05/03/2021 12:00:00 AM,80006,1414,0.0177,0.0259,06/13/2021 11:30:10 PM
04/12/2021 12:00:00 AM,84853,3551,0.0418,0.0536,06/12/2021 11:30:11 PM
02/07/2021 12:00:00 AM,21443,2355,0.1098,0.0873,05/08/2021 11:30:16 PM
05/01/2020 12:00:00 AM,13325,2570,0.1929,,03/17/2021 02:17:28 PM
04/18/2020 12:00:00 AM,7801,2558,0.3279,,03/17/2021 02:17:25 PM
08/31/2020 12:00:00 AM,44813,406,0.0091,0.0106,03/17/2021 02:17:38 PM
09/06/2020 12:00:00 AM,14216,261,0.0184,0.0096,03/17/2021 02:17:41 PM
08/01/2020 12:00:00 AM,14307,251,0.0175,,03/17/2021 02:17:31 PM
12/07/2020 12:00:00 AM,80948,4172,0.0515,0.0559,03/17/2021 04:46:10 PM
02/05/2021 12:00:00 AM,81474,6145,0.0754,0.0884,05/06/2021 11:30:11 PM
06/13/2020 12:00:00 AM,13845,292,0.0211,,03/17/2021 02:17:31 PM
08/07/2020 12:00:00 AM,28674,346,0.0121,,03/17/2021 02:17:32 PM
04/17/2020 12:00:00 AM,12268,4111,0.3351,,03/17/2021 02:15:04 PM
05/23/2021 12:00:00 AM,17073,284,0.0166,0.0109,06/13/2021 11:30:10 PM
07/27/2020 12:00:00 AM,34330,422,0.0123,,03/17/2021 02:17:34 PM
03/22/2020 12:00:00 AM,4638,2694,0.5809,,03/17/2021 02:17:28 PM
05/05/2020 12:00:00 AM,14993,2264,0.151,,03/17/2021 02:15:11 PM
08/12/2020 12:00:00 AM,34161,405,0.0119,,03/17/2021 02:17:34 PM
04/26/2020 12:00:00 AM,5731,1313,0.2291,,03/17/2021 02:14:54 PM
05/21/2021 12:00:00 AM,55820,527,0.0094,0.0115,06/13/2021 11:30:10 PM
06/27/2020 12:00:00 AM,15534,267,0.0172,,03/17/2021 02:15:11 PM
02/16/2021 12:00:00 AM,82532,5236,0.0634,0.0765,05/17/2021 11:30:15 PM
11/01/2020 12:00:00 AM,22087,620,0.0281,0.0191,03/17/2021 02:17:58 PM
05/13/2021 12:00:00 AM,51805,751,0.0145,0.017,06/12/2021 11:30:11 PM
11/05/2020 12:00:00 AM,54918,1360,0.0248,0.023,03/17/2021 02:18:00 PM
05/31/2020 12:00:00 AM,10420,395,0.0379,,03/17/2021 02:17:25 PM
03/25/2020 12:00:00 AM,8046,5094,0.6331,,03/17/2021 02:17:25 PM
03/23/2021 12:00:00 AM,80665,4191,0.052,0.0635,06/12/2021 11:30:11 PM
12/29/2020 12:00:00 AM,71110,6630,0.0932,0.0934,03/29/2021 11:30:23 PM
05/11/2020 12:00:00 AM,18284,2021,0.1105,,03/17/2021 02:15:09 PM
10/26/2020 12:00:00 AM,54172,910,0.0168,0.0182,03/17/2021 02:17:56 PM
01/03/2021 12:00:00 AM,37147,4421,0.119,0.0982,04/03/2021 11:30:20 PM
03/02/2021 12:00:00 AM,79559,4308,0.0541,0.067,05/29/2021 11:30:09 PM
04/21/2021 12:00:00 AM,71745,2176,0.0303,0.0428,06/13/2021 11:30:10 PM
05/16/2020 12:00:00 AM,9046,855,0.0945,,03/17/2021 02:17:34 PM
05/18/2021 12:00:00 AM,62397,610,0.0098,0.0135,06/14/2021 11:30:10 PM
04/01/2021 12:00:00 AM,69778,3999,0.0573,0.0681,06/12/2021 11:30:11 PM
10/23/2020 12:00:00 AM,47170,805,0.0171,0.0179,03/17/2021 02:17:56 PM
09/21/2020 12:00:00 AM,43354,655,0.0151,0.0122,03/17/2021 02:17:45 PM
09/11/2020 12:00:00 AM,36486,406,0.0111,0.0114,03/17/2021 02:17:44 PM
02/03/2021 12:00:00 AM,94376,7311,0.0775,0.0885,05/04/2021 11:30:11 PM
04/30/2021 12:00:00 AM,64489,1455,0.0226,0.0287,06/12/2021 11:30:11 PM
03/24/2021 12:00:00 AM,80518,4398,0.0546,0.0641,06/12/2021 11:30:11 PM
04/08/2021 12:00:00 AM,80540,3643,0.0452,0.0577,06/12/2021 11:30:11 PM
03/09/2020 12:00:00 AM,407,60,0.1474,,03/17/2021 02:17:29 PM
12/01/2020 12:00:00 AM,72681,3787,0.0521,0.0554,03/17/2021 04:44:59 PM
01/01/2021 12:00:00 AM,14152,1765,0.1247,0.0969,04/01/2021 11:30:32 PM
12/25/2020 12:00:00 AM,10829,1346,0.1243,0.0762,03/25/2021 11:30:25 PM
11/08/2020 12:00:00 AM,18666,928,0.0497,0.0265,03/17/2021 02:18:00 PM
03/13/2021 12:00:00 AM,32640,2894,0.0887,0.0644,06/10/2021 11:30:10 PM
07/17/2020 12:00:00 AM,30196,520,0.0172,,03/17/2021 02:17:34 PM
12/15/2020 12:00:00 AM,77479,4693,0.0606,0.0634,03/17/2021 04:46:17 PM
07/10/2020 12:00:00 AM,25377,410,0.0162,,03/17/2021 02:17:34 PM
03/14/2020 12:00:00 AM,1764,661,0.3747,,03/17/2021 02:17:33 PM
06/07/2020 12:00:00 AM,10726,329,0.0307,,03/17/2021 02:17:32 PM
09/29/2020 12:00:00 AM,42800,816,0.0191,0.0163,03/17/2021 02:17:47 PM
02/09/2021 12:00:00 AM,84378,5391,0.0639,0.0839,05/08/2021 11:30:16 PM
11/06/2020 12:00:00 AM,50090,1267,0.0253,0.0239,03/17/2021 02:17:59 PM
02/10/2021 12:00:00 AM,86883,5480,0.0631,0.0807,05/11/2021 11:30:15 PM
03/09/2021 12:00:00 AM,76748,4552,0.0593,0.067,06/05/2021 11:30:10 PM
10/21/2020 12:00:00 AM,55601,824,0.0148,0.0169,03/17/2021 02:17:55 PM
01/22/2021 12:00:00 AM,83908,6735,0.0803,0.0927,04/22/2021 11:30:19 PM
04/25/2020 12:00:00 AM,7733,1996,0.2581,,03/17/2021 02:17:31 PM
05/25/2020 12:00:00 AM,15441,784,0.0508,,03/17/2021 02:17:31 PM
04/10/2021 12:00:00 AM,33804,2484,0.0735,0.0546,06/11/2021 11:30:11 PM
02/04/2021 12:00:00 AM,88143,6770,0.0768,0.0883,05/05/2021 11:30:11 PM
06/02/2020 12:00:00 AM,29419,922,0.0313,,03/17/2021 02:17:34 PM
06/25/2020 12:00:00 AM,30854,442,0.0143,,03/17/2021 02:17:34 PM
09/09/2020 12:00:00 AM,44423,435,0.0098,0.0108,03/17/2021 02:17:42 PM
12/02/2020 12:00:00 AM,77219,3630,0.047,0.0561,03/17/2021 04:46:08 PM
08/22/2020 12:00:00 AM,15005,181,0.0121,0.0103,03/17/2021 02:17:35 PM
