date,ili_pne_admit,baseline,percent_change,status,ETLdate
03/01/2020 12:00:00 AM +0000,133,135.952381,-2.2,Insert,03/29/2021 11:27:03 AM +0000
03/02/2020 12:00:00 AM +0000,188,134,40.3,Insert,03/29/2021 11:27:03 AM +0000
03/03/2020 12:00:00 AM +0000,174,133.8095238,30,Insert,03/29/2021 11:27:03 AM +0000
03/04/2020 12:00:00 AM +0000,153,135.7142857,12.7,Insert,03/29/2021 11:27:03 AM +0000
03/05/2020 12:00:00 AM +0000,152,134.1428571,13.3,Insert,03/29/2021 11:27:03 AM +0000
03/06/2020 12:00:00 AM +0000,160,133.7142857,19.7,Insert,03/29/2021 11:27:03 AM +0000
03/07/2020 12:00:00 AM +0000,110,131.4285714,-16.3,Insert,03/29/2021 11:27:03 AM +0000
03/08/2020 12:00:00 AM +0000,141,130.4285714,8.1,Insert,03/29/2021 11:27:03 AM +0000
03/09/2020 12:00:00 AM +0000,196,127.4285714,53.8,Insert,03/29/2021 11:27:03 AM +0000
03/10/2020 12:00:00 AM +0000,192,127.3333333,50.8,Insert,03/29/2021 11:27:03 AM +0000
03/11/2020 12:00:00 AM +0000,196,126.1428571,55.4,Insert,03/29/2021 11:27:03 AM +0000
03/12/2020 12:00:00 AM +0000,251,125.6666667,99.7,Insert,03/29/2021 11:27:03 AM +0000
03/13/2020 12:00:00 AM +0000,265,126.2380952,109.9,Insert,03/29/2021 11:27:03 AM +0000
03/14/2020 12:00:00 AM +0000,240,128.6190476,86.6,Insert,03/29/2021 11:27:03 AM +0000
03/15/2020 12:00:00 AM +0000,302,128.8095238,134.5,Insert,03/29/2021 11:27:03 AM +0000
03/16/2020 12:00:00 AM +0000,374,132.7619048,181.7,Insert,03/29/2021 11:27:03 AM +0000
03/17/2020 12:00:00 AM +0000,372,133.3333333,179,Insert,03/29/2021 11:27:03 AM +0000
03/18/2020 12:00:00 AM +0000,431,134.7142857,219.9,Insert,03/29/2021 11:27:03 AM +0000
03/19/2020 12:00:00 AM +0000,537,138.1428571,288.7,Insert,03/29/2021 11:27:03 AM +0000
03/20/2020 12:00:00 AM +0000,644,140,360,Insert,03/29/2021 11:27:03 AM +0000
03/21/2020 12:00:00 AM +0000,579,139.3809524,315.4,Insert,03/29/2021 11:27:03 AM +0000
03/22/2020 12:00:00 AM +0000,611,140.6190476,334.5,Insert,03/29/2021 11:27:03 AM +0000
03/23/2020 12:00:00 AM +0000,818,142.6190476,473.6,Insert,03/29/2021 11:27:03 AM +0000
03/24/2020 12:00:00 AM +0000,954,141,576.6,Insert,03/29/2021 11:27:03 AM +0000
03/25/2020 12:00:00 AM +0000,1003,139.2380952,620.3,Insert,03/29/2021 11:27:03 AM +0000
03/26/2020 12:00:00 AM +0000,1067,137.6190476,675.3,Insert,03/29/2021 11:27:03 AM +0000
03/27/2020 12:00:00 AM +0000,1137,134.2380952,747,Insert,03/29/2021 11:27:03 AM +0000
03/28/2020 12:00:00 AM +0000,893,133.9047619,566.9,Insert,03/29/2021 11:27:03 AM +0000
03/29/2020 12:00:00 AM +0000,980,132.5714286,639.2,Insert,03/29/2021 11:27:03 AM +0000
03/30/2020 12:00:00 AM +0000,1233,127.1904762,869.4,Insert,03/29/2021 11:27:03 AM +0000
03/31/2020 12:00:00 AM +0000,1165,126.9047619,818,Insert,03/29/2021 11:27:03 AM +0000
04/01/2020 12:00:00 AM +0000,1097,126.6190476,766.4,Insert,03/29/2021 11:27:03 AM +0000
04/02/2020 12:00:00 AM +0000,1005,126.2857143,695.8,Insert,03/29/2021 11:27:03 AM +0000
04/03/2020 12:00:00 AM +0000,991,128.8571429,669.1,Insert,03/29/2021 11:27:03 AM +0000
04/04/2020 12:00:00 AM +0000,848,129.2857143,555.9,Insert,03/29/2021 11:27:03 AM +0000
04/05/2020 12:00:00 AM +0000,879,129,581.4,Insert,03/29/2021 11:27:03 AM +0000
04/06/2020 12:00:00 AM +0000,1005,131.6190476,663.6,Insert,03/29/2021 11:27:03 AM +0000
04/07/2020 12:00:00 AM +0000,947,130.0952381,627.9,Insert,03/29/2021 11:27:03 AM +0000
04/08/2020 12:00:00 AM +0000,945,130.7142857,623,Insert,03/29/2021 11:27:03 AM +0000
04/09/2020 12:00:00 AM +0000,816,129,532.6,Insert,03/29/2021 11:27:03 AM +0000
04/10/2020 12:00:00 AM +0000,763,126.952381,501,Insert,03/29/2021 11:27:03 AM +0000
04/11/2020 12:00:00 AM +0000,605,125.4761905,382.2,Insert,03/29/2021 11:27:03 AM +0000
04/12/2020 12:00:00 AM +0000,570,125.1904762,355.3,Insert,03/29/2021 11:27:03 AM +0000
04/13/2020 12:00:00 AM +0000,653,122.4285714,433.4,Insert,03/29/2021 11:27:03 AM +0000
04/14/2020 12:00:00 AM +0000,634,122.2857143,418.5,Insert,03/29/2021 11:27:03 AM +0000
04/15/2020 12:00:00 AM +0000,542,120.047619,351.5,Insert,03/29/2021 11:27:03 AM +0000
04/16/2020 12:00:00 AM +0000,461,117.2857143,293.1,Insert,03/29/2021 11:27:03 AM +0000
04/17/2020 12:00:00 AM +0000,536,115.8571429,362.6,Insert,03/29/2021 11:27:03 AM +0000
04/18/2020 12:00:00 AM +0000,370,116.3809524,217.9,Insert,03/29/2021 11:27:03 AM +0000
04/19/2020 12:00:00 AM +0000,341,115.6190476,194.9,Insert,03/29/2021 11:27:03 AM +0000
04/20/2020 12:00:00 AM +0000,394,115.9047619,239.9,Insert,03/29/2021 11:27:03 AM +0000
04/21/2020 12:00:00 AM +0000,349,116,200.9,Insert,03/29/2021 11:27:03 AM +0000
04/22/2020 12:00:00 AM +0000,306,117.6190476,160.2,Insert,03/29/2021 11:27:03 AM +0000
04/23/2020 12:00:00 AM +0000,276,119.8095238,130.4,Insert,03/29/2021 11:27:03 AM +0000
04/24/2020 12:00:00 AM +0000,280,119.2857143,134.7,Insert,03/29/2021 11:27:03 AM +0000
04/25/2020 12:00:00 AM +0000,201,116.4761905,72.6,Insert,03/29/2021 11:27:03 AM +0000
04/26/2020 12:00:00 AM +0000,198,114.4285714,73,Insert,03/29/2021 11:27:03 AM +0000
04/27/2020 12:00:00 AM +0000,252,113.7142857,121.6,Insert,03/29/2021 11:27:03 AM +0000
04/28/2020 12:00:00 AM +0000,239,112.1904762,113,Insert,03/29/2021 11:27:03 AM +0000
04/29/2020 12:00:00 AM +0000,217,110.2380952,96.8,Insert,03/29/2021 11:27:03 AM +0000
04/30/2020 12:00:00 AM +0000,152,108.8571429,39.6,Insert,03/29/2021 11:27:03 AM +0000
05/01/2020 12:00:00 AM +0000,188,108.1904762,73.8,Insert,03/29/2021 11:27:03 AM +0000
05/02/2020 12:00:00 AM +0000,159,109.1428571,45.7,Insert,03/29/2021 11:27:03 AM +0000
05/03/2020 12:00:00 AM +0000,149,109.047619,36.6,Insert,03/29/2021 11:27:03 AM +0000
05/04/2020 12:00:00 AM +0000,177,108.8095238,62.7,Insert,03/29/2021 11:27:03 AM +0000
05/05/2020 12:00:00 AM +0000,124,110.1428571,12.6,Insert,03/29/2021 11:27:03 AM +0000
05/06/2020 12:00:00 AM +0000,153,110.9047619,38,Insert,03/29/2021 11:27:03 AM +0000
05/07/2020 12:00:00 AM +0000,106,111.952381,-5.3,Insert,03/29/2021 11:27:03 AM +0000
05/08/2020 12:00:00 AM +0000,117,111.7619048,4.7,Insert,03/29/2021 11:27:03 AM +0000
05/09/2020 12:00:00 AM +0000,90,112.5238095,-20,Insert,03/29/2021 11:27:03 AM +0000
05/10/2020 12:00:00 AM +0000,91,113.5714286,-19.9,Insert,03/29/2021 11:27:03 AM +0000
05/11/2020 12:00:00 AM +0000,121,115.952381,4.4,Insert,03/29/2021 11:27:03 AM +0000
05/12/2020 12:00:00 AM +0000,94,115.9047619,-18.9,Insert,03/29/2021 11:27:03 AM +0000
05/13/2020 12:00:00 AM +0000,112,117.7619048,-4.9,Insert,03/29/2021 11:27:03 AM +0000
05/14/2020 12:00:00 AM +0000,106,118.5238095,-10.6,Insert,03/29/2021 11:27:03 AM +0000
05/15/2020 12:00:00 AM +0000,113,119.3809524,-5.3,Insert,03/29/2021 11:27:03 AM +0000
05/16/2020 12:00:00 AM +0000,82,118.952381,-31.1,Insert,03/29/2021 11:27:03 AM +0000
05/17/2020 12:00:00 AM +0000,79,117.952381,-33,Insert,03/29/2021 11:27:03 AM +0000
05/18/2020 12:00:00 AM +0000,84,116.7619048,-28.1,Insert,03/29/2021 11:27:03 AM +0000
05/19/2020 12:00:00 AM +0000,68,115.1428571,-40.9,Insert,03/29/2021 11:27:03 AM +0000
05/20/2020 12:00:00 AM +0000,80,111.7142857,-28.4,Insert,03/29/2021 11:27:03 AM +0000
05/21/2020 12:00:00 AM +0000,85,111.952381,-24.1,Insert,03/29/2021 11:27:03 AM +0000
05/22/2020 12:00:00 AM +0000,79,112.2857143,-29.6,Insert,03/29/2021 11:27:03 AM +0000
05/23/2020 12:00:00 AM +0000,64,111.6666667,-42.7,Insert,03/29/2021 11:27:03 AM +0000
05/24/2020 12:00:00 AM +0000,68,111.7619048,-39.2,Insert,03/29/2021 11:27:03 AM +0000
05/25/2020 12:00:00 AM +0000,66,109.1428571,-39.5,Insert,03/29/2021 11:27:03 AM +0000
05/26/2020 12:00:00 AM +0000,78,109.5714286,-28.8,Insert,03/29/2021 11:27:03 AM +0000
05/27/2020 12:00:00 AM +0000,62,111.047619,-44.2,Insert,03/29/2021 11:27:03 AM +0000
05/28/2020 12:00:00 AM +0000,71,109.7142857,-35.3,Insert,03/29/2021 11:27:03 AM +0000
05/29/2020 12:00:00 AM +0000,83,108.8095238,-23.7,Insert,03/29/2021 11:27:03 AM +0000
05/30/2020 12:00:00 AM +0000,68,108.7619048,-37.5,Insert,03/29/2021 11:27:03 AM +0000
05/31/2020 12:00:00 AM +0000,50,108.952381,-54.1,Insert,03/29/2021 11:27:03 AM +0000
06/01/2020 12:00:00 AM +0000,48,110.8571429,-56.7,Insert,03/29/2021 11:27:03 AM +0000
06/02/2020 12:00:00 AM +0000,57,109.5714286,-48,Insert,03/29/2021 11:27:03 AM +0000
06/03/2020 12:00:00 AM +0000,75,107.1904762,-30,Insert,03/29/2021 11:27:03 AM +0000
06/04/2020 12:00:00 AM +0000,78,105.7619048,-26.2,Insert,03/29/2021 11:27:03 AM +0000
06/05/2020 12:00:00 AM +0000,67,105.4761905,-36.5,Insert,03/29/2021 11:27:03 AM +0000
06/06/2020 12:00:00 AM +0000,61,104.4761905,-41.6,Insert,03/29/2021 11:27:03 AM +0000
06/07/2020 12:00:00 AM +0000,48,104.6190476,-54.1,Insert,03/29/2021 11:27:03 AM +0000
06/08/2020 12:00:00 AM +0000,63,104.5238095,-39.7,Insert,03/29/2021 11:27:03 AM +0000
06/09/2020 12:00:00 AM +0000,66,104.4285714,-36.8,Insert,03/29/2021 11:27:03 AM +0000
06/10/2020 12:00:00 AM +0000,65,104.5238095,-37.8,Insert,03/29/2021 11:27:03 AM +0000
06/11/2020 12:00:00 AM +0000,53,105.7142857,-49.9,Insert,03/29/2021 11:27:03 AM +0000
06/12/2020 12:00:00 AM +0000,62,107.1904762,-42.2,Insert,03/29/2021 11:27:03 AM +0000
06/13/2020 12:00:00 AM +0000,51,108.5714286,-53,Insert,03/29/2021 11:27:03 AM +0000
06/14/2020 12:00:00 AM +0000,48,108.952381,-55.9,Insert,03/29/2021 11:27:03 AM +0000
06/15/2020 12:00:00 AM +0000,50,109,-54.1,Insert,03/29/2021 11:27:03 AM +0000
06/16/2020 12:00:00 AM +0000,53,109.7142857,-51.7,Insert,03/29/2021 11:27:03 AM +0000
06/17/2020 12:00:00 AM +0000,64,109.8095238,-41.7,Insert,03/29/2021 11:27:03 AM +0000
06/18/2020 12:00:00 AM +0000,63,110.5714286,-43,Insert,03/29/2021 11:27:03 AM +0000
06/19/2020 12:00:00 AM +0000,72,108.8095238,-33.8,Insert,03/29/2021 11:27:03 AM +0000
06/20/2020 12:00:00 AM +0000,54,106.5714286,-49.3,Insert,03/29/2021 11:27:03 AM +0000
06/21/2020 12:00:00 AM +0000,37,102.952381,-64.1,Insert,03/29/2021 11:27:03 AM +0000
06/22/2020 12:00:00 AM +0000,68,100.7619048,-32.5,Insert,03/29/2021 11:27:03 AM +0000
06/23/2020 12:00:00 AM +0000,60,99.76190476,-39.9,Insert,03/29/2021 11:27:03 AM +0000
06/24/2020 12:00:00 AM +0000,59,99.66666667,-40.8,Insert,03/29/2021 11:27:03 AM +0000
06/25/2020 12:00:00 AM +0000,62,97.71428571,-36.5,Insert,03/29/2021 11:27:03 AM +0000
06/26/2020 12:00:00 AM +0000,43,97.52380952,-55.9,Insert,03/29/2021 11:27:03 AM +0000
06/27/2020 12:00:00 AM +0000,49,96.9047619,-49.4,Insert,03/29/2021 11:27:03 AM +0000
06/28/2020 12:00:00 AM +0000,39,97.19047619,-59.9,Insert,03/29/2021 11:27:03 AM +0000
06/29/2020 12:00:00 AM +0000,61,94.04761905,-35.1,Insert,03/29/2021 11:27:03 AM +0000
06/30/2020 12:00:00 AM +0000,62,96.33333333,-35.6,Insert,03/29/2021 11:27:03 AM +0000
07/01/2020 12:00:00 AM +0000,67,95.19047619,-29.6,Insert,03/29/2021 11:27:03 AM +0000
07/02/2020 12:00:00 AM +0000,59,94.61904762,-37.6,Insert,03/29/2021 11:27:03 AM +0000
07/03/2020 12:00:00 AM +0000,54,93.33333333,-42.1,Insert,03/29/2021 11:27:03 AM +0000
07/04/2020 12:00:00 AM +0000,65,93.85714286,-30.7,Insert,03/29/2021 11:27:03 AM +0000
07/05/2020 12:00:00 AM +0000,56,94.38095238,-40.7,Insert,03/29/2021 11:27:03 AM +0000
07/06/2020 12:00:00 AM +0000,62,97.57142857,-36.5,Insert,03/29/2021 11:27:03 AM +0000
07/07/2020 12:00:00 AM +0000,66,94.04761905,-29.8,Insert,03/29/2021 11:27:03 AM +0000
07/08/2020 12:00:00 AM +0000,64,93.19047619,-31.3,Insert,03/29/2021 11:27:03 AM +0000
07/09/2020 12:00:00 AM +0000,38,92.14285714,-58.8,Insert,03/29/2021 11:27:03 AM +0000
07/10/2020 12:00:00 AM +0000,54,88.76190476,-39.2,Insert,03/29/2021 11:27:03 AM +0000
07/11/2020 12:00:00 AM +0000,56,87.66666667,-36.1,Insert,03/29/2021 11:27:03 AM +0000
07/12/2020 12:00:00 AM +0000,45,87.0952381,-48.3,Insert,03/29/2021 11:27:03 AM +0000
07/13/2020 12:00:00 AM +0000,57,86.0952381,-33.8,Insert,03/29/2021 11:27:03 AM +0000
07/14/2020 12:00:00 AM +0000,55,83.95238095,-34.5,Insert,03/29/2021 11:27:03 AM +0000
07/15/2020 12:00:00 AM +0000,63,84.38095238,-25.3,Insert,03/29/2021 11:27:03 AM +0000
07/16/2020 12:00:00 AM +0000,67,86,-22.1,Insert,03/29/2021 11:27:03 AM +0000
07/17/2020 12:00:00 AM +0000,63,88.47619048,-28.8,Insert,03/29/2021 11:27:03 AM +0000
07/18/2020 12:00:00 AM +0000,75,88.38095238,-15.1,Insert,03/29/2021 11:27:03 AM +0000
07/19/2020 12:00:00 AM +0000,46,88.66666667,-48.1,Insert,03/29/2021 11:27:03 AM +0000
07/20/2020 12:00:00 AM +0000,63,88.52380952,-28.8,Insert,03/29/2021 11:27:03 AM +0000
07/21/2020 12:00:00 AM +0000,68,91.23809524,-25.5,Insert,03/29/2021 11:27:03 AM +0000
07/22/2020 12:00:00 AM +0000,60,90.57142857,-33.8,Insert,03/29/2021 11:27:03 AM +0000
07/23/2020 12:00:00 AM +0000,61,89.14285714,-31.6,Insert,03/29/2021 11:27:03 AM +0000
07/24/2020 12:00:00 AM +0000,65,89.57142857,-27.4,Insert,03/29/2021 11:27:03 AM +0000
07/25/2020 12:00:00 AM +0000,48,88.23809524,-45.6,Insert,03/29/2021 11:27:03 AM +0000
07/26/2020 12:00:00 AM +0000,58,87.3333333333333,-33.6,Insert,03/29/2021 11:27:03 AM +0000
07/27/2020 12:00:00 AM +0000,82,84.5238095238095,-3,Insert,03/29/2021 11:27:03 AM +0000
07/28/2020 12:00:00 AM +0000,87,88.8095238095238,-2,Insert,03/29/2021 11:27:03 AM +0000
07/29/2020 12:00:00 AM +0000,60,90.1428571428571,-33.4,Insert,03/29/2021 11:27:03 AM +0000
07/30/2020 12:00:00 AM +0000,68,90.4761904761905,-24.8,Insert,03/29/2021 11:27:03 AM +0000
07/31/2020 12:00:00 AM +0000,72,89.2380952380952,-19.3,Insert,03/29/2021 11:27:03 AM +0000
08/01/2020 12:00:00 AM +0000,60,89.9047619047619,-33.3,Insert,03/29/2021 11:27:03 AM +0000
08/02/2020 12:00:00 AM +0000,73,89.8095238095238,-18.7,Insert,03/29/2021 11:27:03 AM +0000
08/03/2020 12:00:00 AM +0000,64,87.9523809523809,-27.2,Insert,03/29/2021 11:27:03 AM +0000
08/04/2020 12:00:00 AM +0000,75,87.0476190476191,-13.8,Insert,03/29/2021 11:27:03 AM +0000
08/05/2020 12:00:00 AM +0000,77,84.8095238095238,-9.2,Insert,03/29/2021 11:27:03 AM +0000
08/06/2020 12:00:00 AM +0000,68,84.2857142857143,-19.3,Insert,03/29/2021 11:27:03 AM +0000
08/07/2020 12:00:00 AM +0000,52,86.0952380952381,-39.6,Insert,03/29/2021 11:27:03 AM +0000
08/08/2020 12:00:00 AM +0000,53,87.7619047619048,-39.6,Insert,03/29/2021 11:27:03 AM +0000
08/09/2020 12:00:00 AM +0000,58,88.1904761904762,-34.2,Insert,03/29/2021 11:27:03 AM +0000
08/10/2020 12:00:00 AM +0000,74,90.3809523809524,-18.1,Insert,03/29/2021 11:27:03 AM +0000
08/11/2020 12:00:00 AM +0000,68,90.1428571428571,-24.6,Insert,03/29/2021 11:27:03 AM +0000
08/12/2020 12:00:00 AM +0000,49,92.4285714285714,-47,Insert,03/29/2021 11:27:03 AM +0000
08/13/2020 12:00:00 AM +0000,54,92.4285714285714,-41.6,Insert,03/29/2021 11:27:03 AM +0000
08/14/2020 12:00:00 AM +0000,71,91.6190476190476,-22.5,Insert,03/29/2021 11:27:03 AM +0000
08/15/2020 12:00:00 AM +0000,54,90.3809523809524,-40.3,Insert,03/29/2021 11:27:03 AM +0000
08/16/2020 12:00:00 AM +0000,44,90.2857142857143,-51.3,Insert,03/29/2021 11:27:03 AM +0000
08/17/2020 12:00:00 AM +0000,60,90.3809523809524,-33.6,Insert,03/29/2021 11:27:03 AM +0000
08/18/2020 12:00:00 AM +0000,72,89.0476190476191,-19.1,Insert,03/29/2021 11:27:03 AM +0000
08/19/2020 12:00:00 AM +0000,73,87.5714285714286,-16.6,Insert,03/29/2021 11:27:03 AM +0000
08/20/2020 12:00:00 AM +0000,72,89,-19.1,Insert,03/29/2021 11:27:03 AM +0000
08/21/2020 12:00:00 AM +0000,87,88.8571428571429,-2.1,Insert,03/29/2021 11:27:03 AM +0000
08/22/2020 12:00:00 AM +0000,56,89.2380952380952,-37.2,Insert,03/29/2021 11:27:03 AM +0000
08/23/2020 12:00:00 AM +0000,65,89.9047619047619,-27.7,Insert,03/29/2021 11:27:03 AM +0000
08/24/2020 12:00:00 AM +0000,82,88.5714285714286,-7.4,Insert,03/29/2021 11:27:03 AM +0000
08/25/2020 12:00:00 AM +0000,67,88.9523809523809,-24.7,Insert,03/29/2021 11:27:03 AM +0000
08/26/2020 12:00:00 AM +0000,67,89.4761904761905,-25.1,Insert,03/29/2021 11:27:03 AM +0000
08/27/2020 12:00:00 AM +0000,59,87.3809523809524,-32.5,Insert,03/29/2021 11:27:03 AM +0000
08/28/2020 12:00:00 AM +0000,64,87.3809523809524,-26.8,Insert,03/29/2021 11:27:03 AM +0000
08/29/2020 12:00:00 AM +0000,46,87.4285714285714,-47.4,Insert,03/29/2021 11:27:03 AM +0000
08/30/2020 12:00:00 AM +0000,51,87.2857142857143,-41.6,Insert,03/29/2021 11:27:03 AM +0000
08/31/2020 12:00:00 AM +0000,64,89.0476190476191,-28.1,Insert,03/29/2021 11:27:03 AM +0000
09/01/2020 12:00:00 AM +0000,83,89.7142857142857,-7.5,Insert,03/29/2021 11:27:03 AM +0000
09/02/2020 12:00:00 AM +0000,65,90.0952380952381,-27.9,Insert,03/29/2021 11:27:03 AM +0000
09/03/2020 12:00:00 AM +0000,60,92.4285714285714,-35.1,Insert,03/29/2021 11:27:03 AM +0000
09/04/2020 12:00:00 AM +0000,70,94.7142857142857,-26.1,Insert,03/29/2021 11:27:03 AM +0000
09/05/2020 12:00:00 AM +0000,60,95.5714285714286,-37.2,Insert,03/29/2021 11:27:03 AM +0000
09/06/2020 12:00:00 AM +0000,54,97.0476190476191,-44.4,Insert,03/29/2021 11:27:03 AM +0000
09/07/2020 12:00:00 AM +0000,79,96.7619047619048,-18.4,Insert,03/29/2021 11:27:03 AM +0000
09/08/2020 12:00:00 AM +0000,72,98.5238095238095,-26.9,Insert,03/29/2021 11:27:03 AM +0000
09/09/2020 12:00:00 AM +0000,62,100,-38,Insert,03/29/2021 11:27:03 AM +0000
09/10/2020 12:00:00 AM +0000,68,100.52380952381,-32.4,Insert,03/29/2021 11:27:03 AM +0000
09/11/2020 12:00:00 AM +0000,61,101,-39.6,Insert,03/29/2021 11:27:03 AM +0000
09/12/2020 12:00:00 AM +0000,56,103.190476190476,-45.7,Insert,03/29/2021 11:27:03 AM +0000
09/13/2020 12:00:00 AM +0000,61,103.809523809524,-41.2,Insert,03/29/2021 11:27:03 AM +0000
09/14/2020 12:00:00 AM +0000,72,103.714285714286,-30.6,Insert,03/29/2021 11:27:03 AM +0000
09/15/2020 12:00:00 AM +0000,78,104.47619047619,-25.3,Insert,03/29/2021 11:27:03 AM +0000
09/16/2020 12:00:00 AM +0000,74,105.333333333333,-29.7,Insert,03/29/2021 11:27:03 AM +0000
09/17/2020 12:00:00 AM +0000,72,106.190476190476,-32.2,Insert,03/29/2021 11:27:03 AM +0000
09/18/2020 12:00:00 AM +0000,74,107.428571428571,-31.1,Insert,03/29/2021 11:27:03 AM +0000
09/19/2020 12:00:00 AM +0000,51,106.571428571429,-52.1,Insert,03/29/2021 11:27:03 AM +0000
09/20/2020 12:00:00 AM +0000,58,108.52380952381,-46.6,Insert,03/29/2021 11:27:03 AM +0000
09/21/2020 12:00:00 AM +0000,72,109.571428571429,-34.3,Insert,03/29/2021 11:27:03 AM +0000
09/22/2020 12:00:00 AM +0000,57,109.619047619048,-48,Insert,03/29/2021 11:27:03 AM +0000
09/23/2020 12:00:00 AM +0000,73,109.428571428571,-33.3,Insert,03/29/2021 11:27:03 AM +0000
09/24/2020 12:00:00 AM +0000,79,110.714285714286,-28.6,Insert,03/29/2021 11:27:03 AM +0000
09/25/2020 12:00:00 AM +0000,64,108.52380952381,-41,Insert,03/29/2021 11:27:03 AM +0000
09/26/2020 12:00:00 AM +0000,62,109.857142857143,-43.6,Insert,03/29/2021 11:27:03 AM +0000
09/27/2020 12:00:00 AM +0000,70,110.666666666667,-36.7,Insert,03/29/2021 11:27:03 AM +0000
09/28/2020 12:00:00 AM +0000,81,110.047619047619,-26.4,Insert,03/29/2021 11:27:03 AM +0000
09/29/2020 12:00:00 AM +0000,74,112.285714285714,-34.1,Insert,03/29/2021 11:27:03 AM +0000
09/30/2020 12:00:00 AM +0000,80,111.857142857143,-28.5,Insert,03/29/2021 11:27:03 AM +0000
10/01/2020 12:00:00 AM +0000,68,110.333333333333,-38.4,Insert,03/29/2021 11:27:03 AM +0000
10/02/2020 12:00:00 AM +0000,70,111.952380952381,-37.5,Insert,03/29/2021 11:27:03 AM +0000
10/03/2020 12:00:00 AM +0000,67,111.952380952381,-40.2,Insert,03/29/2021 11:27:03 AM +0000
10/04/2020 12:00:00 AM +0000,66,112.380952380952,-41.3,Insert,03/29/2021 11:27:03 AM +0000
10/05/2020 12:00:00 AM +0000,82,114.666666666667,-28.5,Insert,03/29/2021 11:27:03 AM +0000
10/06/2020 12:00:00 AM +0000,89,115,-22.6,Insert,03/29/2021 11:27:03 AM +0000
10/07/2020 12:00:00 AM +0000,83,115.904761904762,-28.4,Insert,03/29/2021 11:27:03 AM +0000
10/08/2020 12:00:00 AM +0000,84,116.52380952381,-27.9,Insert,03/29/2021 11:27:03 AM +0000
10/09/2020 12:00:00 AM +0000,80,117.619047619048,-32,Insert,03/29/2021 11:27:03 AM +0000
10/10/2020 12:00:00 AM +0000,72,117.714285714286,-38.8,Insert,03/29/2021 11:27:03 AM +0000
10/11/2020 12:00:00 AM +0000,67,116.761904761905,-42.6,Insert,03/29/2021 11:27:03 AM +0000
10/12/2020 12:00:00 AM +0000,74,118.52380952381,-37.6,Insert,03/29/2021 11:27:03 AM +0000
10/13/2020 12:00:00 AM +0000,85,116.428571428571,-27,Insert,03/29/2021 11:27:03 AM +0000
10/14/2020 12:00:00 AM +0000,82,119.190476190476,-31.2,Insert,03/29/2021 11:27:03 AM +0000
10/15/2020 12:00:00 AM +0000,102,118.47619047619,-13.9,Insert,03/29/2021 11:27:03 AM +0000
10/16/2020 12:00:00 AM +0000,72,118.047619047619,-39,Insert,03/29/2021 11:27:03 AM +0000
10/17/2020 12:00:00 AM +0000,76,120.666666666667,-37,Insert,03/29/2021 11:27:03 AM +0000
10/18/2020 12:00:00 AM +0000,62,122.428571428571,-49.4,Insert,03/29/2021 11:27:03 AM +0000
10/19/2020 12:00:00 AM +0000,79,120.761904761905,-34.6,Insert,03/29/2021 11:27:03 AM +0000
10/20/2020 12:00:00 AM +0000,101,122.380952380952,-17.5,Insert,03/29/2021 11:27:03 AM +0000
10/21/2020 12:00:00 AM +0000,90,119.714285714286,-24.8,Insert,03/29/2021 11:27:03 AM +0000
10/22/2020 12:00:00 AM +0000,73,121.333333333333,-39.8,Insert,03/29/2021 11:27:03 AM +0000
10/23/2020 12:00:00 AM +0000,94,121.857142857143,-22.9,Insert,03/29/2021 11:27:03 AM +0000
10/24/2020 12:00:00 AM +0000,72,120.857142857143,-40.4,Insert,03/29/2021 11:27:03 AM +0000
10/25/2020 12:00:00 AM +0000,59,120,-50.8,Insert,03/29/2021 11:27:03 AM +0000
10/26/2020 12:00:00 AM +0000,100,119.761904761905,-16.5,Insert,03/29/2021 11:27:03 AM +0000
10/27/2020 12:00:00 AM +0000,78,120.857142857143,-35.5,Insert,03/29/2021 11:27:03 AM +0000
10/28/2020 12:00:00 AM +0000,64,123.238095238095,-48.1,Insert,03/29/2021 11:27:03 AM +0000
10/29/2020 12:00:00 AM +0000,66,125.952380952381,-47.6,Insert,03/29/2021 11:27:03 AM +0000
10/30/2020 12:00:00 AM +0000,81,124.142857142857,-34.8,Insert,03/29/2021 11:27:03 AM +0000
10/31/2020 12:00:00 AM +0000,84,125.190476190476,-32.9,Insert,03/29/2021 11:27:03 AM +0000
11/01/2020 12:00:00 AM +0000,81,125.380952380952,-35.4,Insert,03/29/2021 11:27:03 AM +0000
11/02/2020 12:00:00 AM +0000,104,127.142857142857,-18.2,Insert,03/29/2021 11:27:03 AM +0000
11/03/2020 12:00:00 AM +0000,93,127.904761904762,-27.3,Insert,03/29/2021 11:27:03 AM +0000
11/04/2020 12:00:00 AM +0000,76,129.190476190476,-41.2,Insert,03/29/2021 11:27:03 AM +0000
11/05/2020 12:00:00 AM +0000,110,126.52380952381,-13.1,Insert,03/29/2021 11:27:03 AM +0000
11/06/2020 12:00:00 AM +0000,85,128.857142857143,-34,Insert,03/29/2021 11:27:03 AM +0000
11/07/2020 12:00:00 AM +0000,86,128.095238095238,-32.9,Insert,03/29/2021 11:27:03 AM +0000
11/08/2020 12:00:00 AM +0000,97,127,-23.6,Insert,03/29/2021 11:27:03 AM +0000
11/09/2020 12:00:00 AM +0000,94,127.333333333333,-26.2,Insert,03/29/2021 11:27:03 AM +0000
11/10/2020 12:00:00 AM +0000,103,125.619047619048,-18,Insert,03/29/2021 11:27:03 AM +0000
11/11/2020 12:00:00 AM +0000,120,123.857142857143,-3.1,Insert,03/29/2021 11:27:03 AM +0000
11/12/2020 12:00:00 AM +0000,102,125.52380952381,-18.7,Insert,03/29/2021 11:27:03 AM +0000
11/13/2020 12:00:00 AM +0000,121,127.142857142857,-4.8,Insert,03/29/2021 11:27:03 AM +0000
11/14/2020 12:00:00 AM +0000,93,129.761904761905,-28.3,Insert,03/29/2021 11:27:03 AM +0000
11/15/2020 12:00:00 AM +0000,102,132.333333333333,-22.9,Insert,03/29/2021 11:27:03 AM +0000
11/16/2020 12:00:00 AM +0000,118,131.52380952381,-10.3,Insert,03/29/2021 11:27:03 AM +0000
11/17/2020 12:00:00 AM +0000,116,130.809523809524,-11.3,Insert,03/29/2021 11:27:03 AM +0000
11/18/2020 12:00:00 AM +0000,101,130.190476190476,-22.4,Insert,03/29/2021 11:27:03 AM +0000
11/19/2020 12:00:00 AM +0000,121,133.428571428571,-9.3,Insert,03/29/2021 11:27:03 AM +0000
11/20/2020 12:00:00 AM +0000,123,134.238095238095,-8.4,Insert,03/29/2021 11:27:03 AM +0000
11/21/2020 12:00:00 AM +0000,104,135.428571428571,-23.2,Insert,03/29/2021 11:27:03 AM +0000
11/22/2020 12:00:00 AM +0000,117,137.333333333333,-14.8,Insert,03/29/2021 11:27:03 AM +0000
11/23/2020 12:00:00 AM +0000,145,138.428571428571,4.7,Insert,03/29/2021 11:27:03 AM +0000
11/24/2020 12:00:00 AM +0000,122,142.619047619048,-14.5,Insert,03/29/2021 11:27:03 AM +0000
11/25/2020 12:00:00 AM +0000,116,145.714285714286,-20.4,Insert,03/29/2021 11:27:03 AM +0000
11/26/2020 12:00:00 AM +0000,135,143.380952380952,-5.8,Insert,03/29/2021 11:27:03 AM +0000
11/27/2020 12:00:00 AM +0000,134,143.904761904762,-6.9,Insert,03/29/2021 11:27:03 AM +0000
11/28/2020 12:00:00 AM +0000,107,144.52380952381,-26,Insert,03/29/2021 11:27:03 AM +0000
11/29/2020 12:00:00 AM +0000,138,144.952380952381,-4.8,Insert,03/29/2021 11:27:03 AM +0000
11/30/2020 12:00:00 AM +0000,152,146.571428571429,3.7,Insert,03/29/2021 11:27:03 AM +0000
12/01/2020 12:00:00 AM +0000,175,147.047619047619,19,Insert,03/29/2021 11:27:03 AM +0000
12/02/2020 12:00:00 AM +0000,139,147.095238095238,-5.5,Insert,03/29/2021 11:27:03 AM +0000
12/03/2020 12:00:00 AM +0000,159,148,7.4,Insert,03/29/2021 11:27:03 AM +0000
12/04/2020 12:00:00 AM +0000,168,147.619047619048,13.8,Insert,03/29/2021 11:27:03 AM +0000
12/05/2020 12:00:00 AM +0000,149,147.52380952381,1,Insert,03/29/2021 11:27:03 AM +0000
12/06/2020 12:00:00 AM +0000,163,146.47619047619,11.3,Insert,03/29/2021 11:27:03 AM +0000
12/07/2020 12:00:00 AM +0000,199,147.52380952381,34.9,Insert,03/29/2021 11:27:03 AM +0000
12/08/2020 12:00:00 AM +0000,188,147.809523809524,27.2,Insert,03/29/2021 11:27:03 AM +0000
12/09/2020 12:00:00 AM +0000,209,149,40.3,Insert,03/29/2021 11:27:03 AM +0000
12/10/2020 12:00:00 AM +0000,193,150.952380952381,27.9,Insert,03/29/2021 11:27:03 AM +0000
12/11/2020 12:00:00 AM +0000,210,152.666666666667,37.6,Insert,03/29/2021 11:27:03 AM +0000
12/12/2020 12:00:00 AM +0000,189,152.428571428571,24,Insert,03/29/2021 11:27:03 AM +0000
12/13/2020 12:00:00 AM +0000,165,156.285714285714,5.6,Insert,03/29/2021 11:27:03 AM +0000
12/14/2020 12:00:00 AM +0000,192,157.190476190476,22.1,Insert,03/29/2021 11:27:03 AM +0000
12/15/2020 12:00:00 AM +0000,173,158.809523809524,8.9,Insert,03/29/2021 11:27:03 AM +0000
12/16/2020 12:00:00 AM +0000,160,159.142857142857,0.5,Insert,03/29/2021 11:27:03 AM +0000
12/17/2020 12:00:00 AM +0000,159,158.714285714286,0.2,Insert,03/29/2021 11:27:03 AM +0000
12/18/2020 12:00:00 AM +0000,183,158.666666666667,15.3,Insert,03/29/2021 11:27:03 AM +0000
12/19/2020 12:00:00 AM +0000,190,157.333333333333,20.8,Insert,03/29/2021 11:27:03 AM +0000
12/20/2020 12:00:00 AM +0000,197,152.285714285714,29.4,Insert,03/29/2021 11:27:03 AM +0000
12/21/2020 12:00:00 AM +0000,231,159.047619047619,45.2,Insert,03/29/2021 11:27:03 AM +0000
12/22/2020 12:00:00 AM +0000,200,164.428571428571,21.6,Insert,03/29/2021 11:27:03 AM +0000
12/23/2020 12:00:00 AM +0000,211,168.761904761905,25,Insert,03/29/2021 11:27:03 AM +0000
12/24/2020 12:00:00 AM +0000,176,172.619047619048,2,Insert,03/29/2021 11:27:03 AM +0000
12/25/2020 12:00:00 AM +0000,193,177.285714285714,8.9,Insert,03/29/2021 11:27:03 AM +0000
12/26/2020 12:00:00 AM +0000,226,179.380952380952,26,Insert,03/29/2021 11:27:03 AM +0000
12/27/2020 12:00:00 AM +0000,186,184.761904761905,0.7,Insert,03/29/2021 11:27:03 AM +0000
12/28/2020 12:00:00 AM +0000,243,188.142857142857,29.2,Insert,03/29/2021 11:27:03 AM +0000
12/29/2020 12:00:00 AM +0000,201,186.285714285714,7.9,Insert,03/29/2021 11:27:03 AM +0000
12/30/2020 12:00:00 AM +0000,216,185.52380952381,16.4,Insert,03/29/2021 11:27:03 AM +0000
12/31/2020 12:00:00 AM +0000,202,185.52380952381,8.9,Insert,03/29/2021 11:27:03 AM +0000
01/01/2021 12:00:00 AM +0000,215,184.904761904762,16.3,Insert,03/29/2021 11:27:03 AM +0000
01/02/2021 12:00:00 AM +0000,232,187,24.1,Insert,03/29/2021 11:27:03 AM +0000
01/03/2021 12:00:00 AM +0000,214,189.190476190476,13.1,Insert,03/29/2021 11:27:03 AM +0000
01/04/2021 12:00:00 AM +0000,280,182.619047619048,53.3,Insert,03/29/2021 11:27:03 AM +0000
01/05/2021 12:00:00 AM +0000,274,181.238095238095,51.2,Insert,03/29/2021 11:27:03 AM +0000
01/06/2021 12:00:00 AM +0000,263,179.333333333333,46.7,Insert,03/29/2021 11:27:03 AM +0000
01/07/2021 12:00:00 AM +0000,256,177.333333333333,44.4,Insert,03/29/2021 11:27:03 AM +0000
01/08/2021 12:00:00 AM +0000,263,174.714285714286,50.5,Insert,03/29/2021 11:27:03 AM +0000
01/09/2021 12:00:00 AM +0000,249,173.190476190476,43.8,Insert,03/29/2021 11:27:03 AM +0000
01/10/2021 12:00:00 AM +0000,195,170.761904761905,14.2,Insert,03/29/2021 11:27:03 AM +0000
01/11/2021 12:00:00 AM +0000,277,171.666666666667,61.4,Insert,03/29/2021 11:27:03 AM +0000
01/12/2021 12:00:00 AM +0000,255,170.809523809524,49.3,Insert,03/29/2021 11:27:03 AM +0000
01/13/2021 12:00:00 AM +0000,285,174.047619047619,63.7,Insert,03/29/2021 11:27:03 AM +0000
01/14/2021 12:00:00 AM +0000,287,175.428571428571,63.6,Insert,03/29/2021 11:27:03 AM +0000
01/15/2021 12:00:00 AM +0000,287,181.285714285714,58.3,Insert,03/29/2021 11:27:03 AM +0000
01/16/2021 12:00:00 AM +0000,286,186.619047619048,53.3,Insert,03/29/2021 11:27:03 AM +0000
01/17/2021 12:00:00 AM +0000,257,191.333333333333,34.3,Insert,03/29/2021 11:27:03 AM +0000
01/18/2021 12:00:00 AM +0000,285,192.52380952381,48,Insert,03/29/2021 11:27:03 AM +0000
01/19/2021 12:00:00 AM +0000,259,197.761904761905,31,Insert,03/29/2021 11:27:03 AM +0000
01/20/2021 12:00:00 AM +0000,257,198.095238095238,29.7,Insert,03/29/2021 11:27:03 AM +0000
01/21/2021 12:00:00 AM +0000,293,203.428571428571,44,Insert,03/29/2021 11:27:03 AM +0000
01/22/2021 12:00:00 AM +0000,276,203.380952380952,35.7,Insert,03/29/2021 11:27:03 AM +0000
01/23/2021 12:00:00 AM +0000,249,204.857142857143,21.5,Insert,03/29/2021 11:27:03 AM +0000
01/24/2021 12:00:00 AM +0000,238,205.190476190476,16,Insert,03/29/2021 11:27:03 AM +0000
01/25/2021 12:00:00 AM +0000,284,203.47619047619,39.6,Insert,03/29/2021 11:27:03 AM +0000
01/26/2021 12:00:00 AM +0000,244,198.666666666667,22.8,Insert,03/29/2021 11:27:03 AM +0000
01/27/2021 12:00:00 AM +0000,289,197.666666666667,46.2,Insert,03/29/2021 11:27:03 AM +0000
01/28/2021 12:00:00 AM +0000,264,193.190476190476,36.7,Insert,03/29/2021 11:27:03 AM +0000
01/29/2021 12:00:00 AM +0000,258,189.619047619048,36.1,Insert,03/29/2021 11:27:03 AM +0000
01/30/2021 12:00:00 AM +0000,190,186.190476190476,2,Insert,03/29/2021 11:27:03 AM +0000
01/31/2021 12:00:00 AM +0000,214,183.761904761905,16.5,Insert,03/29/2021 11:27:03 AM +0000
02/01/2021 12:00:00 AM +0000,233,186.809523809524,24.7,Insert,03/29/2021 11:27:03 AM +0000
02/02/2021 12:00:00 AM +0000,306,188.571428571429,62.3,Insert,03/29/2021 11:27:03 AM +0000
02/03/2021 12:00:00 AM +0000,331,189.619047619048,74.6,Insert,03/29/2021 11:27:03 AM +0000
02/04/2021 12:00:00 AM +0000,319,188.047619047619,69.6,Insert,03/29/2021 11:27:03 AM +0000
02/05/2021 12:00:00 AM +0000,311,188.047619047619,65.4,Insert,03/29/2021 11:27:03 AM +0000
02/06/2021 12:00:00 AM +0000,227,188.428571428571,20.5,Insert,03/29/2021 11:27:03 AM +0000
02/07/2021 12:00:00 AM +0000,259,187.952380952381,37.8,Insert,03/29/2021 11:27:03 AM +0000
02/08/2021 12:00:00 AM +0000,295,183.47619047619,60.8,Insert,03/29/2021 11:27:03 AM +0000
02/09/2021 12:00:00 AM +0000,299,181.333333333333,64.9,Insert,03/29/2021 11:27:03 AM +0000
02/10/2021 12:00:00 AM +0000,273,178.571428571429,52.9,Insert,03/29/2021 11:27:03 AM +0000
02/11/2021 12:00:00 AM +0000,267,178.714285714286,49.4,Insert,03/29/2021 11:27:03 AM +0000
02/12/2021 12:00:00 AM +0000,269,177.047619047619,51.9,Insert,03/29/2021 11:27:03 AM +0000
02/13/2021 12:00:00 AM +0000,256,172.619047619048,48.3,Insert,03/29/2021 11:27:03 AM +0000
02/14/2021 12:00:00 AM +0000,217,170.047619047619,27.6,Insert,03/29/2021 11:27:03 AM +0000
02/15/2021 12:00:00 AM +0000,265,170.238095238095,55.7,Insert,03/29/2021 11:27:03 AM +0000
02/16/2021 12:00:00 AM +0000,273,169.238095238095,61.3,Insert,03/29/2021 11:27:03 AM +0000
02/17/2021 12:00:00 AM +0000,256,166.571428571429,53.7,Insert,03/29/2021 11:27:03 AM +0000
02/18/2021 12:00:00 AM +0000,201,163.142857142857,23.2,Insert,03/29/2021 11:27:03 AM +0000
02/19/2021 12:00:00 AM +0000,242,161.619047619048,49.7,Insert,03/29/2021 11:27:03 AM +0000
02/20/2021 12:00:00 AM +0000,260,160.666666666667,61.8,Insert,03/29/2021 11:27:03 AM +0000
02/21/2021 12:00:00 AM +0000,243,157.380952380952,54.4,Insert,03/29/2021 11:27:03 AM +0000
02/22/2021 12:00:00 AM +0000,294,152.952380952381,92.2,Insert,03/29/2021 11:27:03 AM +0000
02/23/2021 12:00:00 AM +0000,264,148.380952380952,77.9,Insert,03/29/2021 11:27:03 AM +0000
02/24/2021 12:00:00 AM +0000,287,146.47619047619,95.9,Insert,03/29/2021 11:27:03 AM +0000
02/25/2021 12:00:00 AM +0000,272,143.238095238095,89.9,Insert,03/29/2021 11:27:03 AM +0000
02/26/2021 12:00:00 AM +0000,217,141.428571428571,53.4,Insert,03/29/2021 11:27:03 AM +0000
02/27/2021 12:00:00 AM +0000,240,139.52380952381,72,Insert,03/29/2021 11:27:03 AM +0000
02/28/2021 12:00:00 AM +0000,216,137.619047619048,57,Insert,03/29/2021 11:27:03 AM +0000
03/01/2021 12:00:00 AM +0000,284,136.142857142857,108.6,Insert,03/29/2021 11:27:03 AM +0000
03/02/2021 12:00:00 AM +0000,220,136.238095238095,61.5,Insert,03/29/2021 11:27:03 AM +0000
03/03/2021 12:00:00 AM +0000,240,134.857142857143,78,Insert,03/29/2021 11:27:03 AM +0000
03/04/2021 12:00:00 AM +0000,239,136.095238095238,75.6,Insert,03/29/2021 11:27:03 AM +0000
03/05/2021 12:00:00 AM +0000,206,134.857142857143,52.8,Insert,03/29/2021 11:27:03 AM +0000
03/06/2021 12:00:00 AM +0000,212,135.190476190476,56.8,Insert,03/29/2021 11:27:03 AM +0000
03/07/2021 12:00:00 AM +0000,220,135.952380952381,61.8,Insert,03/29/2021 11:27:03 AM +0000
03/08/2021 12:00:00 AM +0000,248,139.142857142857,78.2,Insert,03/29/2021 11:27:03 AM +0000
03/09/2021 12:00:00 AM +0000,204,143.714285714286,41.9,Insert,03/29/2021 11:27:03 AM +0000
03/10/2021 12:00:00 AM +0000,216,149.47619047619,44.5,Insert,03/29/2021 11:27:03 AM +0000
03/11/2021 12:00:00 AM +0000,223,156.190476190476,42.8,Insert,03/29/2021 11:27:03 AM +0000
03/12/2021 12:00:00 AM +0000,210,164.619047619048,27.6,Insert,03/29/2021 11:27:03 AM +0000
03/13/2021 12:00:00 AM +0000,153,175.380952380952,-12.8,Insert,03/29/2021 11:27:03 AM +0000
03/14/2021 12:00:00 AM +0000,174,187.857142857143,-7.4,Insert,03/29/2021 11:27:03 AM +0000
03/15/2021 12:00:00 AM +0000,221,202.52380952381,9.1,Insert,03/29/2021 11:27:03 AM +0000
03/16/2021 12:00:00 AM +0000,191,222.285714285714,-14.1,Insert,03/29/2021 11:27:03 AM +0000
03/17/2021 12:00:00 AM +0000,201,240.238095238095,-16.3,Insert,03/29/2021 11:27:03 AM +0000
03/18/2021 12:00:00 AM +0000,224,257.380952380952,-13,Insert,03/29/2021 11:27:03 AM +0000
03/19/2021 12:00:00 AM +0000,193,282.333333333333,-31.6,Insert,03/29/2021 11:27:03 AM +0000
03/20/2021 12:00:00 AM +0000,200,311.190476190476,-35.7,Insert,03/29/2021 11:27:03 AM +0000
03/21/2021 12:00:00 AM +0000,200,339.333333333333,-41.1,Insert,03/29/2021 11:27:03 AM +0000
03/22/2021 12:00:00 AM +0000,233,366.190476190476,-36.4,Insert,03/29/2021 11:27:03 AM +0000
03/23/2021 12:00:00 AM +0000,208,391.857142857143,-46.9,Insert,03/29/2021 11:27:03 AM +0000
03/24/2021 12:00:00 AM +0000,193,405.428571428571,-52.4,Insert,03/29/2021 11:27:03 AM +0000
03/25/2021 12:00:00 AM +0000,226,420.952380952381,-46.3,Insert,03/29/2021 11:27:03 AM +0000
03/26/2021 12:00:00 AM +0000,244,437.904761904762,-44.3,Insert,03/29/2021 11:27:03 AM +0000
03/27/2021 12:00:00 AM +0000,185,445.47619047619,-58.5,Insert,03/29/2021 11:27:04 AM +0000
03/31/2021 12:00:00 AM +0000,200,430.952380952381,-53.6,Insert,04/02/2021 11:00:22 AM +0000
04/01/2021 12:00:00 AM +0000,192,427.047619047619,-55,Insert,04/03/2021 11:00:13 AM +0000
04/05/2021 12:00:00 AM +0000,232,393.666666666667,-41.1,Insert,04/07/2021 11:00:22 AM +0000
04/06/2021 12:00:00 AM +0000,187,384.380952380952,-51.4,Insert,04/08/2021 11:00:13 AM +0000
04/08/2021 12:00:00 AM +0000,190,356.571428571429,-46.7,Insert,04/10/2021 11:00:10 AM +0000
04/09/2021 12:00:00 AM +0000,162,337.904761904762,-52.1,Insert,04/11/2021 11:00:07 AM +0000
04/10/2021 12:00:00 AM +0000,157,320.571428571429,-51,Insert,04/12/2021 11:00:17 AM +0000
04/13/2021 12:00:00 AM +0000,164,270.571428571429,-39.4,Insert,04/15/2021 11:00:14 AM +0000
04/14/2021 12:00:00 AM +0000,153,259.428571428571,-41,Insert,04/16/2021 11:00:16 AM +0000
04/16/2021 12:00:00 AM +0000,156,232.761904761905,-33,Insert,04/18/2021 10:59:58 AM +0000
04/18/2021 12:00:00 AM +0000,147,207.380952380952,-29.1,Insert,04/20/2021 11:00:19 AM +0000
04/19/2021 12:00:00 AM +0000,151,199.047619047619,-24.1,Insert,04/21/2021 11:00:15 AM +0000
04/20/2021 12:00:00 AM +0000,154,187.571428571429,-17.9,Insert,04/22/2021 11:00:18 AM +0000
04/22/2021 12:00:00 AM +0000,155,173.333333333333,-10.6,Insert,04/24/2021 11:00:13 AM +0000
04/24/2021 12:00:00 AM +0000,95,161.666666666667,-41.2,Insert,04/26/2021 11:00:22 AM +0000
04/25/2021 12:00:00 AM +0000,140,155.904761904762,-10.2,Insert,04/27/2021 11:00:17 AM +0000
04/26/2021 12:00:00 AM +0000,151,147.428571428571,2.4,Insert,04/28/2021 11:00:14 AM +0000
04/27/2021 12:00:00 AM +0000,100,142.190476190476,-29.7,Insert,04/29/2021 11:00:05 AM +0000
05/03/2021 12:00:00 AM +0000,116,124,-6.5,Insert,05/05/2021 11:00:09 AM +0000
05/04/2021 12:00:00 AM +0000,119,120.809523809524,-1.5,Insert,05/06/2021 11:00:06 AM +0000
05/07/2021 12:00:00 AM +0000,79,111.904761904762,-29.4,Insert,05/09/2021 11:00:05 AM +0000
03/28/2021 12:00:00 AM +0000,183,448.52380952381,-59.2,Insert,03/30/2021 11:00:35 AM +0000
04/03/2021 12:00:00 AM +0000,177,409.571428571429,-56.8,Insert,04/05/2021 11:00:14 AM +0000
04/04/2021 12:00:00 AM +0000,162,402.809523809524,-59.8,Insert,04/06/2021 11:00:12 AM +0000
04/07/2021 12:00:00 AM +0000,167,371.380952380952,-55,Insert,04/09/2021 11:00:13 AM +0000
04/15/2021 12:00:00 AM +0000,166,247.095238095238,-32.8,Insert,04/17/2021 11:00:11 AM +0000
04/23/2021 12:00:00 AM +0000,137,167.619047619048,-18.3,Insert,04/25/2021 11:00:09 AM +0000
04/29/2021 12:00:00 AM +0000,131,137.809523809524,-4.9,Insert,05/01/2021 11:00:11 AM +0000
05/01/2021 12:00:00 AM +0000,98,129.142857142857,-24.1,Insert,05/03/2021 11:00:13 AM +0000
05/09/2021 12:00:00 AM +0000,81,108.761904761905,-25.5,Insert,05/11/2021 11:00:09 AM +0000
05/11/2021 12:00:00 AM +0000,93,110.952380952381,-16.2,Insert,05/13/2021 11:00:06 AM +0000
05/14/2021 12:00:00 AM +0000,91,109.52380952381,-16.9,Insert,05/16/2021 11:00:04 AM +0000
05/16/2021 12:00:00 AM +0000,93,108.095238095238,-14,Insert,05/18/2021 11:00:10 AM +0000
05/17/2021 12:00:00 AM +0000,90,105.47619047619,-14.7,Insert,05/19/2021 11:00:06 AM +0000
05/22/2021 12:00:00 AM +0000,79,100.52380952381,-21.4,Insert,05/24/2021 11:00:07 AM +0000
05/23/2021 12:00:00 AM +0000,96,99.2380952380952,-3.3,Insert,05/25/2021 11:00:13 AM +0000
05/25/2021 12:00:00 AM +0000,73,97.2857142857143,-25,Insert,05/27/2021 11:00:05 AM +0000
05/27/2021 12:00:00 AM +0000,77,98.1428571428571,-21.5,Insert,05/29/2021 11:00:04 AM +0000
05/30/2021 12:00:00 AM +0000,69,95.4761904761905,-27.7,Insert,06/01/2021 11:00:06 AM +0000
06/03/2021 12:00:00 AM +0000,64,92.1904761904762,-30.6,Insert,06/05/2021 11:00:04 AM +0000
06/04/2021 12:00:00 AM +0000,64,92.7142857142857,-31,Insert,06/06/2021 11:00:04 AM +0000
06/05/2021 12:00:00 AM +0000,54,93.1904761904762,-42.1,Insert,06/07/2021 11:00:06 AM +0000
06/06/2021 12:00:00 AM +0000,78,91.5238095238095,-14.8,Insert,06/08/2021 11:00:07 AM +0000
06/07/2021 12:00:00 AM +0000,71,90.4285714285714,-21.5,Insert,06/09/2021 11:00:08 AM +0000
06/08/2021 12:00:00 AM +0000,73,90,-18.9,Insert,06/10/2021 11:00:10 AM +0000
06/09/2021 12:00:00 AM +0000,83,89.5238095238095,-7.3,Insert,06/11/2021 11:00:07 AM +0000
06/11/2021 12:00:00 AM +0000,78,87.8095238095238,-11.2,Insert,06/13/2021 11:00:04 AM +0000
03/29/2021 12:00:00 AM +0000,235,444.761904761905,-47.2,Insert,03/31/2021 11:00:29 AM +0000
03/30/2021 12:00:00 AM +0000,184,433.333333333333,-57.5,Insert,04/01/2021 11:00:18 AM +0000
04/02/2021 12:00:00 AM +0000,206,417.714285714286,-50.7,Insert,04/04/2021 11:00:10 AM +0000
04/11/2021 12:00:00 AM +0000,127,300.285714285714,-57.7,Insert,04/13/2021 11:00:16 AM +0000
04/12/2021 12:00:00 AM +0000,164,282.809523809524,-42,Insert,04/14/2021 11:00:14 AM +0000
05/13/2021 12:00:00 AM +0000,86,110.047619047619,-21.9,Insert,05/15/2021 11:00:06 AM +0000
06/13/2021 12:00:00 AM +0000,68,87.7619047619048,-22.5,Insert,06/15/2021 11:00:06 AM +0000
05/19/2021 12:00:00 AM +0000,95,102.380952380952,-7.2,Insert,05/21/2021 11:00:06 AM +0000
06/02/2021 12:00:00 AM +0000,85,94.3333333333333,-9.9,Insert,06/04/2021 11:00:08 AM +0000
05/20/2021 12:00:00 AM +0000,93,101.095238095238,-8,Insert,05/22/2021 11:00:04 AM +0000
05/21/2021 12:00:00 AM +0000,94,100.47619047619,-6.4,Insert,05/23/2021 11:00:05 AM +0000
05/24/2021 12:00:00 AM +0000,58,99.9523809523809,-42,Insert,05/26/2021 11:00:07 AM +0000
05/29/2021 12:00:00 AM +0000,69,94.7142857142857,-27.1,Insert,05/31/2021 11:00:04 AM +0000
05/31/2021 12:00:00 AM +0000,66,95,-30.5,Insert,06/02/2021 11:00:08 AM +0000
04/17/2021 12:00:00 AM +0000,140,217.761904761905,-35.7,Insert,04/19/2021 11:00:15 AM +0000
04/21/2021 12:00:00 AM +0000,150,179.238095238095,-16.3,Insert,04/23/2021 11:00:17 AM +0000
04/28/2021 12:00:00 AM +0000,140,140.47619047619,-0.3,Insert,04/30/2021 11:00:06 AM +0000
04/30/2021 12:00:00 AM +0000,117,134.047619047619,-12.7,Insert,05/02/2021 11:00:09 AM +0000
05/02/2021 12:00:00 AM +0000,108,126.095238095238,-14.4,Insert,05/04/2021 11:00:08 AM +0000
05/05/2021 12:00:00 AM +0000,104,117.428571428571,-11.4,Insert,05/07/2021 11:00:07 AM +0000
05/06/2021 12:00:00 AM +0000,91,114.714285714286,-20.7,Insert,05/08/2021 11:00:07 AM +0000
05/08/2021 12:00:00 AM +0000,90,109.571428571429,-17.9,Insert,05/10/2021 11:00:08 AM +0000
05/10/2021 12:00:00 AM +0000,83,109.904761904762,-24.5,Insert,05/12/2021 11:00:05 AM +0000
05/12/2021 12:00:00 AM +0000,86,110.666666666667,-22.3,Insert,05/14/2021 11:00:07 AM +0000
05/15/2021 12:00:00 AM +0000,86,110.095238095238,-21.9,Insert,05/17/2021 11:00:05 AM +0000
05/18/2021 12:00:00 AM +0000,85,103.761904761905,-18.1,Insert,05/20/2021 11:00:05 AM +0000
05/26/2021 12:00:00 AM +0000,72,97.5238095238095,-26.2,Insert,05/28/2021 11:00:05 AM +0000
05/28/2021 12:00:00 AM +0000,75,96.0476190476191,-21.9,Insert,05/30/2021 11:00:04 AM +0000
06/01/2021 12:00:00 AM +0000,63,95.8095238095238,-34.2,Insert,06/03/2021 11:00:08 AM +0000
06/10/2021 12:00:00 AM +0000,70,88.6666666666667,-21.1,Insert,06/12/2021 11:00:06 AM +0000
06/12/2021 12:00:00 AM +0000,48,87.0952380952381,-44.9,Insert,06/14/2021 11:00:06 AM +0000
