date,Confirmed_Cases,Probable_Cases,Total_Cases,7-day_Average_of_Confirmed_Cases,7-day_Average_of_Probable_Cases,7-day_Average of_Total_cases,status,ETLdate
10/01/2020 12:00:00 AM +0000,614,82,696,,,,Update,03/30/2021 03:23:10 PM +0000
10/10/2020 12:00:00 AM +0000,310,46,356,,,,Update,03/30/2021 03:23:18 PM +0000
10/11/2020 12:00:00 AM +0000,281,50,331,,,,Update,03/30/2021 03:23:17 PM +0000
10/12/2020 12:00:00 AM +0000,514,73,587,,,,Update,03/30/2021 03:23:18 PM +0000
10/13/2020 12:00:00 AM +0000,588,114,702,,,,Update,03/30/2021 03:23:19 PM +0000
10/14/2020 12:00:00 AM +0000,575,145,720,,,,Update,03/30/2021 03:23:20 PM +0000
10/15/2020 12:00:00 AM +0000,601,133,734,,,,Update,03/30/2021 03:23:21 PM +0000
10/16/2020 12:00:00 AM +0000,502,131,633,,,,Update,03/30/2021 03:25:47 PM +0000
10/17/2020 12:00:00 AM +0000,365,109,474,,,,Update,03/30/2021 03:25:48 PM +0000
10/18/2020 12:00:00 AM +0000,411,119,530,,,,Update,03/30/2021 03:25:47 PM +0000
10/19/2020 12:00:00 AM +0000,622,174,796,,,,Update,03/30/2021 03:25:47 PM +0000
10/02/2020 12:00:00 AM +0000,594,88,682,,,,Update,03/30/2021 03:23:11 PM +0000
10/20/2020 12:00:00 AM +0000,599,168,767,,,,Update,03/30/2021 03:29:05 PM +0000
10/21/2020 12:00:00 AM +0000,650,170,820,,,,Update,03/30/2021 03:29:05 PM +0000
10/22/2020 12:00:00 AM +0000,750,191,941,,,,Update,03/30/2021 03:30:05 PM +0000
10/23/2020 12:00:00 AM +0000,602,177,779,,,,Update,03/30/2021 03:30:05 PM +0000
10/24/2020 12:00:00 AM +0000,385,137,522,,,,Update,03/30/2021 03:31:09 PM +0000
10/25/2020 12:00:00 AM +0000,361,156,517,,,,Update,03/30/2021 03:31:09 PM +0000
10/26/2020 12:00:00 AM +0000,693,221,914,,,,Update,03/30/2021 03:31:09 PM +0000
10/27/2020 12:00:00 AM +0000,738,239,977,,,,Update,03/31/2021 01:55:04 PM +0000
10/28/2020 12:00:00 AM +0000,780,230,1010,,,,Update,03/31/2021 01:55:05 PM +0000
10/29/2020 12:00:00 AM +0000,617,232,849,,,,Update,03/31/2021 01:55:06 PM +0000
10/03/2020 12:00:00 AM +0000,276,46,322,,,,Update,03/30/2021 03:23:10 PM +0000
10/30/2020 12:00:00 AM +0000,651,228,879,,,,Update,03/31/2021 01:55:07 PM +0000
10/31/2020 12:00:00 AM +0000,404,144,548,,,,Update,03/31/2021 01:55:06 PM +0000
10/04/2020 12:00:00 AM +0000,337,69,406,,,,Update,03/30/2021 03:23:13 PM +0000
10/05/2020 12:00:00 AM +0000,816,122,938,,,,Update,03/30/2021 03:23:14 PM +0000
10/06/2020 12:00:00 AM +0000,566,75,641,,,,Update,03/30/2021 03:23:14 PM +0000
10/07/2020 12:00:00 AM +0000,541,88,629,,,,Update,03/30/2021 03:23:14 PM +0000
10/08/2020 12:00:00 AM +0000,524,79,603,,,,Update,03/30/2021 03:23:15 PM +0000
10/09/2020 12:00:00 AM +0000,522,95,617,,,,Update,03/30/2021 03:23:17 PM +0000
11/01/2020 12:00:00 AM +0000,496,240,736,,,,Update,03/31/2021 01:55:07 PM +0000
11/10/2020 12:00:00 AM +0000,1588,509,2097,,,,Update,04/01/2021 04:12:34 PM +0000
11/11/2020 12:00:00 AM +0000,1534,481,2015,,,,Update,04/01/2021 04:12:32 PM +0000
11/12/2020 12:00:00 AM +0000,1500,513,2013,,,,Update,04/01/2021 04:12:37 PM +0000
11/13/2020 12:00:00 AM +0000,1493,516,2009,,,,Update,04/01/2021 04:12:38 PM +0000
11/14/2020 12:00:00 AM +0000,1028,433,1461,,,,Update,04/01/2021 04:12:39 PM +0000
11/15/2020 12:00:00 AM +0000,896,428,1324,,,,Update,04/01/2021 04:12:41 PM +0000
11/16/2020 12:00:00 AM +0000,1827,534,2361,,,,Update,04/01/2021 04:12:42 PM +0000
11/17/2020 12:00:00 AM +0000,1725,556,2281,,,,Update,04/01/2021 04:12:44 PM +0000
11/18/2020 12:00:00 AM +0000,1746,541,2287,,,,Update,04/01/2021 04:12:42 PM +0000
11/19/2020 12:00:00 AM +0000,1857,532,2389,,,,Update,04/01/2021 04:12:46 PM +0000
11/02/2020 12:00:00 AM +0000,951,337,1288,663,236,898,Update,03/31/2021 01:55:05 PM +0000
11/20/2020 12:00:00 AM +0000,1770,508,2278,,,,Update,04/01/2021 04:12:47 PM +0000
11/21/2020 12:00:00 AM +0000,1288,357,1645,,,,Update,04/01/2021 04:12:48 PM +0000
11/22/2020 12:00:00 AM +0000,1146,415,1561,,,,Update,04/01/2021 04:12:47 PM +0000
11/23/2020 12:00:00 AM +0000,2309,588,2897,,,,Update,04/01/2021 04:12:50 PM +0000
11/24/2020 12:00:00 AM +0000,2070,612,2682,,,,Update,04/01/2021 04:12:49 PM +0000
11/25/2020 12:00:00 AM +0000,2361,645,3006,,,,Update,04/01/2021 04:12:52 PM +0000
11/26/2020 12:00:00 AM +0000,807,387,1194,,,,Update,04/01/2021 04:12:53 PM +0000
11/27/2020 12:00:00 AM +0000,2299,768,3067,,,,Update,04/01/2021 04:12:53 PM +0000
11/28/2020 12:00:00 AM +0000,1787,586,2373,,,,Update,04/01/2021 04:12:56 PM +0000
11/29/2020 12:00:00 AM +0000,1726,632,2358,,,,Update,04/01/2021 04:12:57 PM +0000
11/03/2020 12:00:00 AM +0000,900,305,1205,,,,Update,03/31/2021 02:09:52 PM +0000
11/30/2020 12:00:00 AM +0000,2794,796,3590,,,,Update,04/01/2021 04:12:56 PM +0000
11/04/2020 12:00:00 AM +0000,1109,380,1489,,,,Update,03/31/2021 02:09:52 PM +0000
11/05/2020 12:00:00 AM +0000,1136,407,1543,,,,Update,03/31/2021 02:09:52 PM +0000
11/06/2020 12:00:00 AM +0000,1035,426,1461,,,,Update,03/31/2021 02:09:52 PM +0000
11/07/2020 12:00:00 AM +0000,843,361,1204,,,,Update,04/01/2021 04:12:30 PM +0000
11/08/2020 12:00:00 AM +0000,788,375,1163,,,,Update,04/01/2021 04:12:33 PM +0000
11/09/2020 12:00:00 AM +0000,1544,549,2093,,,,Update,04/01/2021 04:12:34 PM +0000
12/01/2020 12:00:00 AM +0000,3139,992,4131,,,,Update,04/01/2021 04:12:59 PM +0000
12/02/2020 12:00:00 AM +0000,2997,830,3827,,,,Update,04/01/2021 04:12:57 PM +0000
12/03/2020 12:00:00 AM +0000,2879,905,3784,,,,Update,04/01/2021 04:13:01 PM +0000
12/04/2020 12:00:00 AM +0000,2807,763,3570,,,,Update,04/01/2021 04:13:02 PM +0000
12/05/2020 12:00:00 AM +0000,1881,657,2538,,,,Update,04/01/2021 04:13:03 PM +0000
12/06/2020 12:00:00 AM +0000,1752,663,2415,,,,Update,04/01/2021 04:13:03 PM +0000
12/07/2020 12:00:00 AM +0000,3306,1017,4323,,,,Update,04/01/2021 04:13:04 PM +0000
12/08/2020 12:00:00 AM +0000,3062,916,3978,,,,Update,04/01/2021 04:13:07 PM +0000
09/10/2020 12:00:00 AM +0000,323,30,,,,,Insert,03/30/2021 03:22:40 PM +0000
09/11/2020 12:00:00 AM +0000,316,30,,,,,Insert,03/30/2021 03:22:40 PM +0000
09/12/2020 12:00:00 AM +0000,202,28,,,,,Insert,03/30/2021 03:22:40 PM +0000
09/13/2020 12:00:00 AM +0000,259,27,,,,,Update,03/30/2021 03:22:41 PM +0000
09/14/2020 12:00:00 AM +0000,434,31,,,,,Insert,03/30/2021 03:22:40 PM +0000
09/15/2020 12:00:00 AM +0000,341,50,,,,,Update,03/30/2021 03:22:43 PM +0000
09/16/2020 12:00:00 AM +0000,369,38,,,,,Update,03/30/2021 03:22:44 PM +0000
09/17/2020 12:00:00 AM +0000,353,33,,,,,Update,03/30/2021 03:22:44 PM +0000
09/18/2020 12:00:00 AM +0000,288,34,,,,,Update,03/30/2021 03:22:45 PM +0000
09/19/2020 12:00:00 AM +0000,158,24,,,,,Update,03/30/2021 03:22:44 PM +0000
09/20/2020 12:00:00 AM +0000,157,26,183,,,,Update,03/30/2021 03:22:47 PM +0000
09/21/2020 12:00:00 AM +0000,514,56,570,,,,Update,03/30/2021 03:22:47 PM +0000
09/22/2020 12:00:00 AM +0000,408,54,462,,,,Update,03/30/2021 03:22:48 PM +0000
09/23/2020 12:00:00 AM +0000,532,61,593,,,,Update,03/30/2021 03:22:47 PM +0000
09/24/2020 12:00:00 AM +0000,471,76,547,,,,Update,03/30/2021 03:22:49 PM +0000
09/25/2020 12:00:00 AM +0000,457,59,516,,,,Update,03/30/2021 03:22:51 PM +0000
09/26/2020 12:00:00 AM +0000,278,34,312,,,,Update,03/30/2021 03:22:51 PM +0000
09/27/2020 12:00:00 AM +0000,381,49,430,,,,Update,03/30/2021 03:22:50 PM +0000
09/28/2020 12:00:00 AM +0000,436,40,476,,,,Update,03/30/2021 03:23:08 PM +0000
09/29/2020 12:00:00 AM +0000,687,73,760,,,,Update,03/30/2021 03:23:09 PM +0000
09/30/2020 12:00:00 AM +0000,583,86,669,,,,Update,03/30/2021 03:23:10 PM +0000
12/09/2020 12:00:00 AM +0000,3105,972,4077,,,,Update,04/01/2021 04:13:08 PM +0000
12/10/2020 12:00:00 AM +0000,3143,912,4055,,,,Update,04/01/2021 04:13:08 PM +0000
12/11/2020 12:00:00 AM +0000,2979,901,3880,,,,Update,04/01/2021 04:13:10 PM +0000
01/15/2021 12:00:00 AM +0000,4796,1101,5897,,,,Update,04/15/2021 03:24:58 PM +0000
01/16/2021 12:00:00 AM +0000,3479,927,4406,,,,Update,04/21/2021 02:55:38 PM +0000
01/23/2021 12:00:00 AM +0000,3277,1036,4313,4352,1217,5569,Update,04/21/2021 02:55:39 PM +0000
01/24/2021 12:00:00 AM +0000,2840,967,3807,,,,Update,04/23/2021 11:10:04 PM +0000
01/25/2021 12:00:00 AM +0000,5655,1428,7083,,,,Update,04/22/2021 11:10:05 PM +0000
01/26/2021 12:00:00 AM +0000,4700,1249,5949,,,,Update,04/22/2021 11:10:05 PM +0000
01/27/2021 12:00:00 AM +0000,4783,1225,6008,,,,Update,04/27/2021 11:10:03 PM +0000
01/28/2021 12:00:00 AM +0000,4669,1177,5846,,,,Update,04/27/2021 11:10:03 PM +0000
01/29/2021 12:00:00 AM +0000,3677,1019,4696,,,,Update,04/26/2021 11:10:04 PM +0000
01/31/2021 12:00:00 AM +0000,2888,956,3844,,,,Update,05/01/2021 11:10:04 PM +0000
02/09/2021 12:00:00 AM +0000,3728,1034,4762,,,,Update,05/10/2021 11:10:05 PM +0000
02/10/2021 12:00:00 AM +0000,3777,997,4774,,,,Update,05/11/2021 11:10:05 PM +0000
02/11/2021 12:00:00 AM +0000,3416,927,4343,,,,Update,05/12/2021 11:10:03 PM +0000
02/12/2021 12:00:00 AM +0000,3320,854,4174,3344,942,4286,Update,05/07/2021 11:10:03 PM +0000
02/13/2021 12:00:00 AM +0000,2204,825,3029,,,,Update,05/09/2021 11:10:04 PM +0000
02/14/2021 12:00:00 AM +0000,1893,803,2696,,,,Update,05/13/2021 11:10:03 PM +0000
02/15/2021 12:00:00 AM +0000,2842,708,3550,3026,878,3904,Update,05/09/2021 11:10:04 PM +0000
02/16/2021 12:00:00 AM +0000,3723,964,4687,,,,Update,05/17/2021 11:10:04 PM +0000
02/17/2021 12:00:00 AM +0000,3442,1037,4479,,,,Update,05/18/2021 11:10:03 PM +0000
02/18/2021 12:00:00 AM +0000,2043,806,2849,,,,Update,05/18/2021 11:10:03 PM +0000
12/12/2020 12:00:00 AM +0000,2200,589,2789,,,,Update,04/01/2021 04:13:11 PM +0000
12/13/2020 12:00:00 AM +0000,2173,904,3077,,,,Update,04/01/2021 04:13:12 PM +0000
12/14/2020 12:00:00 AM +0000,3574,1092,4666,,,,Update,04/01/2021 04:13:09 PM +0000
12/15/2020 12:00:00 AM +0000,3668,954,4622,,,,Update,04/01/2021 04:13:13 PM +0000
12/16/2020 12:00:00 AM +0000,2785,788,3573,,,,Update,04/01/2021 04:13:16 PM +0000
12/17/2020 12:00:00 AM +0000,1924,776,2700,,,,Update,04/01/2021 04:13:16 PM +0000
12/18/2020 12:00:00 AM +0000,3428,845,4273,,,,Update,04/01/2021 04:13:19 PM +0000
12/19/2020 12:00:00 AM +0000,2558,695,3253,,,,Update,04/01/2021 04:13:20 PM +0000
12/20/2020 12:00:00 AM +0000,2350,720,3070,,,,Update,04/01/2021 04:13:20 PM +0000
12/21/2020 12:00:00 AM +0000,4339,1054,5393,,,,Update,04/01/2021 04:13:22 PM +0000
12/22/2020 12:00:00 AM +0000,4101,959,5060,,,,Update,04/01/2021 04:13:23 PM +0000
12/23/2020 12:00:00 AM +0000,3842,940,4782,,,,Update,04/01/2021 04:13:24 PM +0000
12/24/2020 12:00:00 AM +0000,3014,640,3654,,,,Update,04/01/2021 04:13:25 PM +0000
12/25/2020 12:00:00 AM +0000,1047,602,1649,,,,Update,04/01/2021 04:13:26 PM +0000
12/26/2020 12:00:00 AM +0000,3446,906,4352,,,,Update,04/01/2021 04:13:27 PM +0000
12/27/2020 12:00:00 AM +0000,2887,934,3821,,,,Update,04/01/2021 04:13:28 PM +0000
12/28/2020 12:00:00 AM +0000,5378,1211,6589,,,,Update,04/01/2021 04:13:29 PM +0000
12/29/2020 12:00:00 AM +0000,5206,1016,6222,,,,Update,04/01/2021 04:13:30 PM +0000
12/30/2020 12:00:00 AM +0000,4968,1066,6034,,,,Update,04/01/2021 04:13:30 PM +0000
12/31/2020 12:00:00 AM +0000,3380,781,4161,,,,Update,04/01/2021 04:13:32 PM +0000
01/01/2021 12:00:00 AM +0000,1325,793,2118,,,,Update,04/15/2021 10:42:24 AM +0000
01/02/2021 12:00:00 AM +0000,4188,1074,5262,,,,Update,04/15/2021 10:42:25 AM +0000
01/03/2021 12:00:00 AM +0000,3447,994,4441,,,,Update,04/15/2021 10:42:26 AM +0000
01/04/2021 12:00:00 AM +0000,6570,1414,7984,,,,Update,04/15/2021 10:42:26 AM +0000
01/05/2021 12:00:00 AM +0000,6138,1357,7495,,,,Update,04/15/2021 10:44:05 AM +0000
01/06/2021 12:00:00 AM +0000,5659,1270,6929,,,,Update,04/15/2021 10:44:06 AM +0000
01/07/2021 12:00:00 AM +0000,5400,1177,6577,,,,Update,04/15/2021 10:44:07 AM +0000
01/08/2021 12:00:00 AM +0000,5295,1096,6391,,,,Update,04/15/2021 03:24:52 PM +0000
01/09/2021 12:00:00 AM +0000,3689,908,4597,,,,Update,04/15/2021 03:24:53 PM +0000
01/10/2021 12:00:00 AM +0000,3199,990,4189,,,,Update,04/15/2021 03:24:54 PM +0000
01/11/2021 12:00:00 AM +0000,5888,1357,7245,,,,Update,04/15/2021 03:24:54 PM +0000
01/12/2021 12:00:00 AM +0000,5220,1185,6405,,,,Update,04/15/2021 03:24:56 PM +0000
01/13/2021 12:00:00 AM +0000,5162,1227,6389,,,,Update,04/15/2021 03:24:57 PM +0000
01/14/2021 12:00:00 AM +0000,5248,1143,6391,,,,Update,04/15/2021 03:24:58 PM +0000
01/17/2021 12:00:00 AM +0000,2904,1045,3949,,,,Update,04/21/2021 02:55:39 PM +0000
01/18/2021 12:00:00 AM +0000,4631,1327,5958,,,,Update,04/21/2021 02:55:40 PM +0000
01/19/2021 12:00:00 AM +0000,5134,1350,6484,,,,Update,04/21/2021 02:55:38 PM +0000
01/20/2021 12:00:00 AM +0000,4906,1275,6181,,,,Update,04/21/2021 02:55:40 PM +0000
01/30/2021 12:00:00 AM +0000,2859,835,3694,,,,Update,04/30/2021 11:09:53 PM +0000
03/01/2021 12:00:00 AM +0000,3728,1183,4911,,,,Update,05/30/2021 11:10:03 PM +0000
03/02/2021 12:00:00 AM +0000,3110,1022,4132,,,,Update,05/30/2021 11:10:03 PM +0000
03/03/2021 12:00:00 AM +0000,3241,1129,4370,,,,Update,05/30/2021 11:10:03 PM +0000
03/04/2021 12:00:00 AM +0000,3121,1006,4127,,,,Update,06/02/2021 11:10:02 PM +0000
03/05/2021 12:00:00 AM +0000,2888,908,3796,,,,Update,06/03/2021 11:10:02 PM +0000
03/06/2021 12:00:00 AM +0000,2048,699,2747,2882,976,3859,Update,05/27/2021 11:10:03 PM +0000
03/07/2021 12:00:00 AM +0000,1879,851,2730,,,,Update,06/05/2021 11:10:03 PM +0000
03/08/2021 12:00:00 AM +0000,3401,1169,4570,,,,Update,06/05/2021 11:10:03 PM +0000
03/09/2021 12:00:00 AM +0000,3334,1089,4423,,,,Update,06/05/2021 11:10:03 PM +0000
03/10/2021 12:00:00 AM +0000,3204,1102,4306,2839,975,3814,Update,06/01/2021 11:10:03 PM +0000
03/11/2021 12:00:00 AM +0000,3100,1022,4122,,,,Update,06/08/2021 11:10:03 PM +0000
03/12/2021 12:00:00 AM +0000,3208,895,4103,,,,Update,06/10/2021 11:10:02 PM +0000
03/13/2021 12:00:00 AM +0000,2173,831,3004,,,,Update,06/10/2021 11:10:02 PM +0000
03/14/2021 12:00:00 AM +0000,1921,817,2738,,,,Update,06/09/2021 11:10:02 PM +0000
03/15/2021 12:00:00 AM +0000,3397,1098,4495,,,,Update,06/12/2021 11:10:03 PM +0000
03/16/2021 12:00:00 AM +0000,3195,997,4192,,,,Update,06/14/2021 11:10:02 PM +0000
03/17/2021 12:00:00 AM +0000,3174,1133,4307,,,,Update,06/12/2021 11:10:03 PM +0000
03/18/2021 12:00:00 AM +0000,2919,995,3914,,,,Update,06/12/2021 11:10:03 PM +0000
03/19/2021 12:00:00 AM +0000,3048,1026,4074,,,,Update,06/14/2021 11:10:02 PM +0000
03/20/2021 12:00:00 AM +0000,2159,897,3056,2831,995,3825,Update,06/12/2021 11:10:03 PM +0000
03/21/2021 12:00:00 AM +0000,2083,827,2910,2854,996,3850,Update,06/12/2021 11:10:03 PM +0000
03/22/2021 12:00:00 AM +0000,3868,1250,5118,2921,1018,3939,Update,06/14/2021 11:10:02 PM +0000
03/23/2021 12:00:00 AM +0000,3241,1118,4359,2927,1035,3963,Update,06/14/2021 11:10:02 PM +0000
03/24/2021 12:00:00 AM +0000,3467,1166,4633,2969,1040,4009,Update,06/14/2021 11:10:02 PM +0000
03/25/2021 12:00:00 AM +0000,3794,1222,5016,3094,1072,4167,Update,06/14/2021 11:10:02 PM +0000
03/26/2021 12:00:00 AM +0000,3422,1032,4454,3148,1073,4221,Update,06/14/2021 11:10:02 PM +0000
03/27/2021 12:00:00 AM +0000,2220,821,3041,3156,1062,4219,Update,06/14/2021 11:10:02 PM +0000
03/28/2021 12:00:00 AM +0000,1750,721,2471,3109,1047,4156,Update,06/14/2021 11:10:02 PM +0000
03/29/2021 12:00:00 AM +0000,3544,1208,4752,3063,1041,4104,Update,06/14/2021 11:10:02 PM +0000
03/30/2021 12:00:00 AM +0000,3171,984,4155,3053,1022,4075,Update,06/14/2021 11:10:02 PM +0000
03/31/2021 12:00:00 AM +0000,3178,992,4170,3011,997,4008,Update,06/14/2021 11:10:02 PM +0000
04/01/2021 12:00:00 AM +0000,2858,862,3720,2878,946,3823,Update,06/14/2021 11:10:02 PM +0000
04/02/2021 12:00:00 AM +0000,2621,802,3423,2763,913,3676,Update,06/14/2021 11:10:02 PM +0000
04/03/2021 12:00:00 AM +0000,2046,584,2630,2738,879,3617,Update,06/14/2021 11:10:02 PM +0000
04/04/2021 12:00:00 AM +0000,1467,601,2068,2698,862,3560,Update,06/08/2021 11:10:03 PM +0000
01/21/2021 12:00:00 AM +0000,4916,1247,6163,,,,Update,04/22/2021 02:04:08 PM +0000
01/22/2021 12:00:00 AM +0000,4694,1236,5930,,,,Update,04/21/2021 02:55:40 PM +0000
02/01/2021 12:00:00 AM +0000,976,557,1533,,,,Update,05/02/2021 11:10:06 PM +0000
02/02/2021 12:00:00 AM +0000,2663,542,3205,,,,Update,05/03/2021 11:10:04 PM +0000
02/03/2021 12:00:00 AM +0000,5132,1093,6225,,,,Update,05/03/2021 11:10:04 PM +0000
02/04/2021 12:00:00 AM +0000,4856,1129,5985,,,,Update,05/05/2021 11:10:03 PM +0000
02/05/2021 12:00:00 AM +0000,4154,1129,5283,,,,Update,05/06/2021 11:10:03 PM +0000
02/06/2021 12:00:00 AM +0000,3083,872,3955,,,,Update,05/07/2021 11:10:03 PM +0000
02/07/2021 12:00:00 AM +0000,1649,734,2383,,,,Update,05/07/2021 11:10:03 PM +0000
02/08/2021 12:00:00 AM +0000,4435,1174,5609,,,,Update,05/09/2021 11:10:04 PM +0000
04/07/2021 12:00:00 AM +0000,2763,851,3614,2576,803,3379,Update,06/14/2021 11:10:02 PM +0000
04/08/2021 12:00:00 AM +0000,2566,753,3319,2534,787,3321,Update,06/14/2021 11:10:02 PM +0000
04/09/2021 12:00:00 AM +0000,2470,756,3226,2513,780,3293,Update,06/14/2021 11:10:02 PM +0000
04/10/2021 12:00:00 AM +0000,1725,603,2328,2467,783,3250,Update,06/10/2021 11:10:02 PM +0000
04/11/2021 12:00:00 AM +0000,1315,628,1943,2445,787,3232,Update,06/14/2021 11:10:02 PM +0000
04/12/2021 12:00:00 AM +0000,2539,815,3354,2340,763,3103,Update,06/13/2021 11:10:03 PM +0000
04/13/2021 12:00:00 AM +0000,2360,721,3081,2248,732,2981,Update,06/14/2021 11:10:02 PM +0000
04/14/2021 12:00:00 AM +0000,2246,651,2897,2174,704,2878,Update,06/12/2021 11:10:03 PM +0000
04/15/2021 12:00:00 AM +0000,2016,604,2620,2096,683,2778,Update,06/13/2021 11:10:03 PM +0000
04/16/2021 12:00:00 AM +0000,1837,636,2473,2005,665,2671,Update,06/13/2021 11:10:03 PM +0000
04/17/2021 12:00:00 AM +0000,1272,449,1721,1941,643,2584,Update,06/13/2021 11:10:03 PM +0000
04/18/2021 12:00:00 AM +0000,1051,478,1529,1903,622,2525,Update,06/14/2021 11:10:02 PM +0000
04/19/2021 12:00:00 AM +0000,1887,609,2496,1810,593,2402,Update,06/14/2021 11:10:02 PM +0000
02/19/2021 12:00:00 AM +0000,3022,995,4017,,,,Update,05/20/2021 11:10:03 PM +0000
02/20/2021 12:00:00 AM +0000,2497,933,3430,,,,Update,05/20/2021 11:10:03 PM +0000
02/21/2021 12:00:00 AM +0000,2281,588,2869,,,,Update,05/21/2021 11:10:03 PM +0000
02/22/2021 12:00:00 AM +0000,3619,982,4601,,,,Update,05/22/2021 11:10:04 PM +0000
02/23/2021 12:00:00 AM +0000,3475,1062,4537,,,,Update,05/24/2021 11:10:03 PM +0000
02/24/2021 12:00:00 AM +0000,3461,1005,4466,,,,Update,05/25/2021 11:10:03 PM +0000
02/25/2021 12:00:00 AM +0000,3483,987,4470,,,,Update,05/24/2021 11:10:03 PM +0000
02/26/2021 12:00:00 AM +0000,3243,986,4229,,,,Update,05/26/2021 11:10:04 PM +0000
02/27/2021 12:00:00 AM +0000,2011,798,2809,,,,Update,05/25/2021 11:10:03 PM +0000
02/28/2021 12:00:00 AM +0000,2038,887,2925,,,,Update,05/24/2021 11:10:03 PM +0000
04/05/2021 12:00:00 AM +0000,3273,983,4256,2659,830,3489,Update,06/09/2021 11:10:02 PM +0000
04/06/2021 12:00:00 AM +0000,3004,935,3939,2635,823,3458,Update,06/12/2021 11:10:03 PM +0000
04/20/2021 12:00:00 AM +0000,1598,491,2089,1701,560,2261,Update,06/12/2021 11:10:03 PM +0000
04/21/2021 12:00:00 AM +0000,1416,542,1958,1582,544,2127,Update,06/14/2021 11:10:02 PM +0000
04/22/2021 12:00:00 AM +0000,1359,430,1789,1489,519,2008,Update,06/14/2021 11:10:02 PM +0000
04/23/2021 12:00:00 AM +0000,1290,404,1694,1410,486,1897,Update,06/14/2021 11:10:02 PM +0000
04/24/2021 12:00:00 AM +0000,849,322,1171,1350,468,1818,Update,06/03/2021 11:10:02 PM +0000
04/25/2021 12:00:00 AM +0000,755,284,1039,1308,440,1748,Update,06/10/2021 11:10:02 PM +0000
04/26/2021 12:00:00 AM +0000,1364,370,1734,1233,406,1639,Update,06/09/2021 11:10:02 PM +0000
04/27/2021 12:00:00 AM +0000,1139,356,1495,1167,387,1554,Update,06/14/2021 11:10:02 PM +0000
04/28/2021 12:00:00 AM +0000,1211,384,1595,1138,364,1502,Update,06/14/2021 11:10:02 PM +0000
04/29/2021 12:00:00 AM +0000,1052,322,1374,1094,349,1443,Update,06/14/2021 11:10:02 PM +0000
05/03/2021 12:00:00 AM +0000,908,289,1197,911,301,1212,Update,06/10/2021 11:10:02 PM +0000
05/05/2021 12:00:00 AM +0000,758,228,986,806,262,1067,Update,06/14/2021 11:10:02 PM +0000
05/06/2021 12:00:00 AM +0000,756,238,994,763,250,1013,Update,06/10/2021 11:10:02 PM +0000
05/07/2021 12:00:00 AM +0000,697,206,903,726,234,960,Update,06/09/2021 11:10:02 PM +0000
05/08/2021 12:00:00 AM +0000,374,149,523,700,223,923,Update,06/09/2021 11:10:02 PM +0000
05/09/2021 12:00:00 AM +0000,328,140,468,668,212,880,Update,06/09/2021 11:10:02 PM +0000
05/10/2021 12:00:00 AM +0000,644,206,850,630,200,830,Update,06/14/2021 11:10:02 PM +0000
05/12/2021 12:00:00 AM +0000,579,169,748,570,185,755,Update,06/14/2021 11:10:02 PM +0000
05/13/2021 12:00:00 AM +0000,496,139,635,533,170,703,Update,06/14/2021 11:10:02 PM +0000
05/15/2021 12:00:00 AM +0000,281,103,384,487,161,648,Update,06/14/2021 11:10:02 PM +0000
05/17/2021 12:00:00 AM +0000,448,136,584,452,149,601,Update,06/14/2021 11:10:02 PM +0000
05/18/2021 12:00:00 AM +0000,403,132,535,422,142,563,Update,06/14/2021 11:10:02 PM +0000
05/20/2021 12:00:00 AM +0000,382,93,475,374,131,505,Update,06/14/2021 11:10:02 PM +0000
05/21/2021 12:00:00 AM +0000,344,89,433,356,117,473,Update,06/12/2021 11:10:03 PM +0000
05/23/2021 12:00:00 AM +0000,176,59,235,335,105,440,Update,06/14/2021 11:10:02 PM +0000
05/25/2021 12:00:00 AM +0000,299,94,393,305,98,403,Update,06/14/2021 11:10:02 PM +0000
05/27/2021 12:00:00 AM +0000,249,71,320,269,85,353,Update,06/14/2021 11:10:02 PM +0000
05/28/2021 12:00:00 AM +0000,208,54,262,249,80,329,Update,06/14/2021 11:10:02 PM +0000
05/29/2021 12:00:00 AM +0000,128,51,179,235,75,309,Update,06/14/2021 11:10:02 PM +0000
06/04/2021 12:00:00 AM +0000,210,60,270,178,58,236,Update,06/14/2021 11:10:02 PM +0000
06/09/2021 12:00:00 AM +0000,198,49,247,175,53,228,Update,06/14/2021 11:10:02 PM +0000
06/10/2021 12:00:00 AM +0000,139,53,192,167,54,221,Update,06/14/2021 11:10:02 PM +0000
06/13/2021 12:00:00 AM +0000,79,21,100,154,47,200,Insert,06/14/2021 11:10:02 PM +0000
05/19/2021 12:00:00 AM +0000,362,140,502,391,137,528,Update,06/14/2021 11:10:02 PM +0000
05/31/2021 12:00:00 AM +0000,106,67,173,192,64,256,Update,06/13/2021 11:10:03 PM +0000
06/02/2021 12:00:00 AM +0000,224,74,298,185,61,246,Update,06/14/2021 11:10:02 PM +0000
06/05/2021 12:00:00 AM +0000,129,55,184,178,59,237,Update,06/14/2021 11:10:02 PM +0000
06/11/2021 12:00:00 AM +0000,177,44,221,162,52,214,Update,06/14/2021 11:10:02 PM +0000
06/07/2021 12:00:00 AM +0000,206,73,279,194,58,252,Update,06/14/2021 11:10:02 PM +0000
06/12/2021 12:00:00 AM +0000,112,32,144,160,49,208,Update,06/14/2021 11:10:02 PM +0000
04/30/2021 12:00:00 AM +0000,958,318,1276,1047,337,1383,Update,06/14/2021 11:10:02 PM +0000
05/02/2021 12:00:00 AM +0000,553,217,770,976,313,1289,Update,06/12/2021 11:10:03 PM +0000
05/11/2021 12:00:00 AM +0000,613,184,797,596,193,789,Update,06/12/2021 11:10:03 PM +0000
05/14/2021 12:00:00 AM +0000,470,186,656,501,168,668,Update,06/14/2021 11:10:02 PM +0000
05/16/2021 12:00:00 AM +0000,274,126,400,480,159,639,Update,06/14/2021 11:10:02 PM +0000
05/22/2021 12:00:00 AM +0000,230,86,316,349,115,464,Update,06/14/2021 11:10:02 PM +0000
05/24/2021 12:00:00 AM +0000,343,124,467,320,103,423,Update,06/14/2021 11:10:02 PM +0000
05/26/2021 12:00:00 AM +0000,240,69,309,288,88,375,Update,06/14/2021 11:10:02 PM +0000
05/30/2021 12:00:00 AM +0000,111,42,153,225,72,298,Update,06/14/2021 11:10:02 PM +0000
06/01/2021 12:00:00 AM +0000,272,68,340,188,60,248,Update,06/14/2021 11:10:02 PM +0000
06/03/2021 12:00:00 AM +0000,194,45,239,178,57,235,Update,06/13/2021 11:10:03 PM +0000
06/06/2021 12:00:00 AM +0000,122,34,156,180,58,237,Update,06/14/2021 11:10:02 PM +0000
06/08/2021 12:00:00 AM +0000,165,55,220,179,57,235,Update,06/14/2021 11:10:02 PM +0000
05/01/2021 12:00:00 AM +0000,557,222,779,1005,322,1327,Update,06/12/2021 11:10:03 PM +0000
05/04/2021 12:00:00 AM +0000,854,235,1089,870,284,1154,Update,06/14/2021 11:10:02 PM +0000
